VoiceMOS2023Track1-A-AD_test_0026,4.42105263157895
VoiceMOS2023Track1-BF-AD_test_0026,2.25
VoiceMOS2023Track1-BT-AD_test_0026,2.33333333333333
VoiceMOS2023Track1-E-AD_test_0026,3.5
VoiceMOS2023Track1-F-AD_test_0026,4.38888888888889
VoiceMOS2023Track1-G-AD_test_0026,2.25
VoiceMOS2023Track1-H-AD_test_0026,4.625
VoiceMOS2023Track1-J-AD_test_0026,3.82352941176471
VoiceMOS2023Track1-K-AD_test_0026,1.76470588235294
VoiceMOS2023Track1-L-AD_test_0026,3.875
VoiceMOS2023Track1-N-AD_test_0026,2.64705882352941
VoiceMOS2023Track1-O-AD_test_0026,4.25
VoiceMOS2023Track1-P-AD_test_0026,3.65
VoiceMOS2023Track1-Q-AD_test_0026,4.13333333333333
VoiceMOS2023Track1-R-AD_test_0026,1.93333333333333
VoiceMOS2023Track1-S-AD_test_0026,2.5
VoiceMOS2023Track1-T-AD_test_0026,3.29411764705882
VoiceMOS2023Track1-A-AD_test_0039,4.52941176470588
VoiceMOS2023Track1-BF-AD_test_0039,2.73333333333333
VoiceMOS2023Track1-BT-AD_test_0039,1.94736842105263
VoiceMOS2023Track1-E-AD_test_0039,3.875
VoiceMOS2023Track1-F-AD_test_0039,3.875
VoiceMOS2023Track1-G-AD_test_0039,2.83333333333333
VoiceMOS2023Track1-H-AD_test_0039,3.8125
VoiceMOS2023Track1-J-AD_test_0039,3.75
VoiceMOS2023Track1-K-AD_test_0039,2.52941176470588
VoiceMOS2023Track1-L-AD_test_0039,4.11764705882353
VoiceMOS2023Track1-N-AD_test_0039,3.0625
VoiceMOS2023Track1-O-AD_test_0039,4.41176470588235
VoiceMOS2023Track1-P-AD_test_0039,4
VoiceMOS2023Track1-Q-AD_test_0039,4.15
VoiceMOS2023Track1-R-AD_test_0039,3.33333333333333
VoiceMOS2023Track1-S-AD_test_0039,3.8
VoiceMOS2023Track1-T-AD_test_0039,3.5625
VoiceMOS2023Track1-A-AD_test_0041,4.46666666666667
VoiceMOS2023Track1-BF-AD_test_0041,2.375
VoiceMOS2023Track1-BT-AD_test_0041,2.6875
VoiceMOS2023Track1-E-AD_test_0041,3.5
VoiceMOS2023Track1-F-AD_test_0041,4.6875
VoiceMOS2023Track1-G-AD_test_0041,3.8125
VoiceMOS2023Track1-H-AD_test_0041,4.47058823529412
VoiceMOS2023Track1-J-AD_test_0041,3.64705882352941
VoiceMOS2023Track1-K-AD_test_0041,2.375
VoiceMOS2023Track1-L-AD_test_0041,4.41176470588235
VoiceMOS2023Track1-N-AD_test_0041,3.5
VoiceMOS2023Track1-O-AD_test_0041,4.15
VoiceMOS2023Track1-P-AD_test_0041,4.26666666666667
VoiceMOS2023Track1-Q-AD_test_0041,3.8
VoiceMOS2023Track1-R-AD_test_0041,2.4375
VoiceMOS2023Track1-S-AD_test_0041,3.82352941176471
VoiceMOS2023Track1-T-AD_test_0041,4.15789473684211
VoiceMOS2023Track1-A-AD_test_0042,4.875
VoiceMOS2023Track1-BF-AD_test_0042,2.21052631578947
VoiceMOS2023Track1-BT-AD_test_0042,2
VoiceMOS2023Track1-E-AD_test_0042,3.53333333333333
VoiceMOS2023Track1-F-AD_test_0042,4.8125
VoiceMOS2023Track1-G-AD_test_0042,3.0625
VoiceMOS2023Track1-H-AD_test_0042,4.22222222222222
VoiceMOS2023Track1-J-AD_test_0042,4.5
VoiceMOS2023Track1-K-AD_test_0042,2.4375
VoiceMOS2023Track1-L-AD_test_0042,4.29411764705882
VoiceMOS2023Track1-N-AD_test_0042,3.05882352941176
VoiceMOS2023Track1-O-AD_test_0042,4.625
VoiceMOS2023Track1-P-AD_test_0042,4.23529411764706
VoiceMOS2023Track1-Q-AD_test_0042,4.5625
VoiceMOS2023Track1-R-AD_test_0042,2.6
VoiceMOS2023Track1-S-AD_test_0042,3.33333333333333
VoiceMOS2023Track1-T-AD_test_0042,3.66666666666667
VoiceMOS2023Track1-A-AD_test_0043,4.5
VoiceMOS2023Track1-BF-AD_test_0043,2.05555555555556
VoiceMOS2023Track1-BT-AD_test_0043,1.0625
VoiceMOS2023Track1-E-AD_test_0043,3.625
VoiceMOS2023Track1-F-AD_test_0043,4.75
VoiceMOS2023Track1-G-AD_test_0043,3.11764705882353
VoiceMOS2023Track1-H-AD_test_0043,4.23529411764706
VoiceMOS2023Track1-J-AD_test_0043,3.5
VoiceMOS2023Track1-K-AD_test_0043,2.29411764705882
VoiceMOS2023Track1-L-AD_test_0043,4
VoiceMOS2023Track1-N-AD_test_0043,2.05
VoiceMOS2023Track1-O-AD_test_0043,4.66666666666667
VoiceMOS2023Track1-P-AD_test_0043,3.86666666666667
VoiceMOS2023Track1-Q-AD_test_0043,4.1875
VoiceMOS2023Track1-R-AD_test_0043,1.94117647058824
VoiceMOS2023Track1-S-AD_test_0043,3.89473684210526
VoiceMOS2023Track1-T-AD_test_0043,4.06666666666667
VoiceMOS2023Track1-A-AD_test_0045,4.26666666666667
VoiceMOS2023Track1-BF-AD_test_0045,2.05882352941176
VoiceMOS2023Track1-BT-AD_test_0045,2.5
VoiceMOS2023Track1-E-AD_test_0045,3.15789473684211
VoiceMOS2023Track1-F-AD_test_0045,4.33333333333333
VoiceMOS2023Track1-G-AD_test_0045,3.1875
VoiceMOS2023Track1-H-AD_test_0045,4.1875
VoiceMOS2023Track1-J-AD_test_0045,3.88888888888889
VoiceMOS2023Track1-K-AD_test_0045,2.125
VoiceMOS2023Track1-L-AD_test_0045,4.0625
VoiceMOS2023Track1-N-AD_test_0045,2.82352941176471
VoiceMOS2023Track1-O-AD_test_0045,4.11764705882353
VoiceMOS2023Track1-P-AD_test_0045,4
VoiceMOS2023Track1-Q-AD_test_0045,4.05882352941176
VoiceMOS2023Track1-R-AD_test_0045,3.5
VoiceMOS2023Track1-S-AD_test_0045,3.2
VoiceMOS2023Track1-T-AD_test_0045,4.33333333333333
VoiceMOS2023Track1-A-AD_test_0048,4.25
VoiceMOS2023Track1-BF-AD_test_0048,2.5
VoiceMOS2023Track1-BT-AD_test_0048,1.5
VoiceMOS2023Track1-E-AD_test_0048,3.5625
VoiceMOS2023Track1-F-AD_test_0048,4.70588235294118
VoiceMOS2023Track1-G-AD_test_0048,2.35294117647059
VoiceMOS2023Track1-H-AD_test_0048,4.0625
VoiceMOS2023Track1-J-AD_test_0048,3.76470588235294
VoiceMOS2023Track1-K-AD_test_0048,3.375
VoiceMOS2023Track1-L-AD_test_0048,3.3
VoiceMOS2023Track1-N-AD_test_0048,2.73333333333333
VoiceMOS2023Track1-O-AD_test_0048,4.53333333333333
VoiceMOS2023Track1-P-AD_test_0048,3.625
VoiceMOS2023Track1-Q-AD_test_0048,4.05882352941176
VoiceMOS2023Track1-R-AD_test_0048,1.57894736842105
VoiceMOS2023Track1-S-AD_test_0048,3.13333333333333
VoiceMOS2023Track1-T-AD_test_0048,3.75
VoiceMOS2023Track1-A-AD_test_0056,4.86666666666667
VoiceMOS2023Track1-BF-AD_test_0056,2.625
VoiceMOS2023Track1-BT-AD_test_0056,2.6
VoiceMOS2023Track1-E-AD_test_0056,3.47058823529412
VoiceMOS2023Track1-F-AD_test_0056,4.84210526315789
VoiceMOS2023Track1-G-AD_test_0056,3.33333333333333
VoiceMOS2023Track1-H-AD_test_0056,4.6875
VoiceMOS2023Track1-J-AD_test_0056,4.375
VoiceMOS2023Track1-K-AD_test_0056,2.16666666666667
VoiceMOS2023Track1-L-AD_test_0056,4.5
VoiceMOS2023Track1-N-AD_test_0056,1.9375
VoiceMOS2023Track1-O-AD_test_0056,4.64705882352941
VoiceMOS2023Track1-P-AD_test_0056,3.88235294117647
VoiceMOS2023Track1-Q-AD_test_0056,3.8125
VoiceMOS2023Track1-R-AD_test_0056,2.70588235294118
VoiceMOS2023Track1-S-AD_test_0056,3.5
VoiceMOS2023Track1-T-AD_test_0056,4.1
VoiceMOS2023Track1-A-AD_test_0061,4.27777777777778
VoiceMOS2023Track1-BF-AD_test_0061,3.625
VoiceMOS2023Track1-BT-AD_test_0061,2.625
VoiceMOS2023Track1-E-AD_test_0061,4.05882352941176
VoiceMOS2023Track1-F-AD_test_0061,4.47058823529412
VoiceMOS2023Track1-G-AD_test_0061,3.8125
VoiceMOS2023Track1-H-AD_test_0061,3.23529411764706
VoiceMOS2023Track1-J-AD_test_0061,4.375
VoiceMOS2023Track1-K-AD_test_0061,2.55
VoiceMOS2023Track1-L-AD_test_0061,4.46666666666667
VoiceMOS2023Track1-N-AD_test_0061,1.8
VoiceMOS2023Track1-O-AD_test_0061,4.1875
VoiceMOS2023Track1-P-AD_test_0061,3.82352941176471
VoiceMOS2023Track1-Q-AD_test_0061,4.63157894736842
VoiceMOS2023Track1-R-AD_test_0061,3.66666666666667
VoiceMOS2023Track1-S-AD_test_0061,3.75
VoiceMOS2023Track1-T-AD_test_0061,3.875
VoiceMOS2023Track1-A-AD_test_0063,3.95
VoiceMOS2023Track1-BF-AD_test_0063,3.53333333333333
VoiceMOS2023Track1-BT-AD_test_0063,2.53333333333333
VoiceMOS2023Track1-E-AD_test_0063,3.1875
VoiceMOS2023Track1-F-AD_test_0063,4.29411764705882
VoiceMOS2023Track1-G-AD_test_0063,2.73684210526316
VoiceMOS2023Track1-H-AD_test_0063,3.6
VoiceMOS2023Track1-J-AD_test_0063,3.625
VoiceMOS2023Track1-K-AD_test_0063,2.6875
VoiceMOS2023Track1-L-AD_test_0063,4.44444444444444
VoiceMOS2023Track1-N-AD_test_0063,2.875
VoiceMOS2023Track1-O-AD_test_0063,4.5
VoiceMOS2023Track1-P-AD_test_0063,3.41176470588235
VoiceMOS2023Track1-Q-AD_test_0063,4.05882352941176
VoiceMOS2023Track1-R-AD_test_0063,3.5
VoiceMOS2023Track1-S-AD_test_0063,3.47058823529412
VoiceMOS2023Track1-T-AD_test_0063,4.4375
VoiceMOS2023Track1-A-AD_test_0066,4.25
VoiceMOS2023Track1-BF-AD_test_0066,2.58823529411765
VoiceMOS2023Track1-BT-AD_test_0066,1.5
VoiceMOS2023Track1-E-AD_test_0066,3.35294117647059
VoiceMOS2023Track1-F-AD_test_0066,4.6875
VoiceMOS2023Track1-G-AD_test_0066,2.76470588235294
VoiceMOS2023Track1-H-AD_test_0066,4.125
VoiceMOS2023Track1-J-AD_test_0066,3.4
VoiceMOS2023Track1-K-AD_test_0066,2.6
VoiceMOS2023Track1-L-AD_test_0066,3.8
VoiceMOS2023Track1-N-AD_test_0066,1.625
VoiceMOS2023Track1-O-AD_test_0066,4.17647058823529
VoiceMOS2023Track1-P-AD_test_0066,4.21052631578947
VoiceMOS2023Track1-Q-AD_test_0066,3.26666666666667
VoiceMOS2023Track1-R-AD_test_0066,2.5625
VoiceMOS2023Track1-S-AD_test_0066,3.1875
VoiceMOS2023Track1-T-AD_test_0066,3.61111111111111
VoiceMOS2023Track1-A-AD_test_0068,4.75
VoiceMOS2023Track1-BF-AD_test_0068,2.86666666666667
VoiceMOS2023Track1-BT-AD_test_0068,1.25
VoiceMOS2023Track1-E-AD_test_0068,2.33333333333333
VoiceMOS2023Track1-F-AD_test_0068,4.3125
VoiceMOS2023Track1-G-AD_test_0068,2.35294117647059
VoiceMOS2023Track1-H-AD_test_0068,2.89473684210526
VoiceMOS2023Track1-J-AD_test_0068,3.8
VoiceMOS2023Track1-K-AD_test_0068,1.5625
VoiceMOS2023Track1-L-AD_test_0068,3.8125
VoiceMOS2023Track1-N-AD_test_0068,2.16666666666667
VoiceMOS2023Track1-O-AD_test_0068,4.4375
VoiceMOS2023Track1-P-AD_test_0068,3.6875
VoiceMOS2023Track1-Q-AD_test_0068,3.41176470588235
VoiceMOS2023Track1-R-AD_test_0068,3.41176470588235
VoiceMOS2023Track1-S-AD_test_0068,3.625
VoiceMOS2023Track1-T-AD_test_0068,3.11764705882353
VoiceMOS2023Track1-A-AD_test_0074,4.625
VoiceMOS2023Track1-BF-AD_test_0074,2.58823529411765
VoiceMOS2023Track1-BT-AD_test_0074,1.88235294117647
VoiceMOS2023Track1-E-AD_test_0074,3.25
VoiceMOS2023Track1-F-AD_test_0074,4.47058823529412
VoiceMOS2023Track1-G-AD_test_0074,2.75
VoiceMOS2023Track1-H-AD_test_0074,3.6
VoiceMOS2023Track1-J-AD_test_0074,3.53333333333333
VoiceMOS2023Track1-K-AD_test_0074,2.06666666666667
VoiceMOS2023Track1-L-AD_test_0074,3.0625
VoiceMOS2023Track1-N-AD_test_0074,2.35294117647059
VoiceMOS2023Track1-O-AD_test_0074,4.57894736842105
VoiceMOS2023Track1-P-AD_test_0074,3.86666666666667
VoiceMOS2023Track1-Q-AD_test_0074,4.0625
VoiceMOS2023Track1-R-AD_test_0074,2.375
VoiceMOS2023Track1-S-AD_test_0074,3.22222222222222
VoiceMOS2023Track1-T-AD_test_0074,3.625
VoiceMOS2023Track1-A-AD_test_0079,4.41176470588235
VoiceMOS2023Track1-BF-AD_test_0079,2.5
VoiceMOS2023Track1-BT-AD_test_0079,1.9375
VoiceMOS2023Track1-E-AD_test_0079,3.6
VoiceMOS2023Track1-F-AD_test_0079,4.8
VoiceMOS2023Track1-G-AD_test_0079,2.625
VoiceMOS2023Track1-H-AD_test_0079,4.23529411764706
VoiceMOS2023Track1-J-AD_test_0079,4.26315789473684
VoiceMOS2023Track1-K-AD_test_0079,3.06666666666667
VoiceMOS2023Track1-L-AD_test_0079,4.625
VoiceMOS2023Track1-N-AD_test_0079,2.5625
VoiceMOS2023Track1-O-AD_test_0079,4.61111111111111
VoiceMOS2023Track1-P-AD_test_0079,4.375
VoiceMOS2023Track1-Q-AD_test_0079,4.125
VoiceMOS2023Track1-R-AD_test_0079,3.29411764705882
VoiceMOS2023Track1-S-AD_test_0079,3.76470588235294
VoiceMOS2023Track1-T-AD_test_0079,4.125
VoiceMOS2023Track1-A-AD_test_0084,4.64705882352941
VoiceMOS2023Track1-BF-AD_test_0084,3.375
VoiceMOS2023Track1-BT-AD_test_0084,2
VoiceMOS2023Track1-E-AD_test_0084,3.70588235294118
VoiceMOS2023Track1-F-AD_test_0084,4.1875
VoiceMOS2023Track1-G-AD_test_0084,2.35
VoiceMOS2023Track1-H-AD_test_0084,3.53333333333333
VoiceMOS2023Track1-J-AD_test_0084,3.93333333333333
VoiceMOS2023Track1-K-AD_test_0084,1.75
VoiceMOS2023Track1-L-AD_test_0084,4.05882352941176
VoiceMOS2023Track1-N-AD_test_0084,2.42105263157895
VoiceMOS2023Track1-O-AD_test_0084,4.46666666666667
VoiceMOS2023Track1-P-AD_test_0084,3.875
VoiceMOS2023Track1-Q-AD_test_0084,4
VoiceMOS2023Track1-R-AD_test_0084,2.33333333333333
VoiceMOS2023Track1-S-AD_test_0084,3.4375
VoiceMOS2023Track1-T-AD_test_0084,3.8125
VoiceMOS2023Track1-A-AD_test_0085,4.4375
VoiceMOS2023Track1-BF-AD_test_0085,2.625
VoiceMOS2023Track1-BT-AD_test_0085,2
VoiceMOS2023Track1-E-AD_test_0085,2.5
VoiceMOS2023Track1-F-AD_test_0085,4.46666666666667
VoiceMOS2023Track1-G-AD_test_0085,3.4
VoiceMOS2023Track1-H-AD_test_0085,4.25
VoiceMOS2023Track1-J-AD_test_0085,4.17647058823529
VoiceMOS2023Track1-K-AD_test_0085,2.78947368421053
VoiceMOS2023Track1-L-AD_test_0085,4.2
VoiceMOS2023Track1-N-AD_test_0085,2.5
VoiceMOS2023Track1-O-AD_test_0085,4.3125
VoiceMOS2023Track1-P-AD_test_0085,3.5
VoiceMOS2023Track1-Q-AD_test_0085,4.375
VoiceMOS2023Track1-R-AD_test_0085,2.5625
VoiceMOS2023Track1-S-AD_test_0085,3.23529411764706
VoiceMOS2023Track1-T-AD_test_0085,4.11764705882353
VoiceMOS2023Track1-A-AD_test_0100,4.35294117647059
VoiceMOS2023Track1-BF-AD_test_0100,2.41176470588235
VoiceMOS2023Track1-BT-AD_test_0100,1.625
VoiceMOS2023Track1-E-AD_test_0100,3.5
VoiceMOS2023Track1-F-AD_test_0100,4.4
VoiceMOS2023Track1-G-AD_test_0100,3.33333333333333
VoiceMOS2023Track1-H-AD_test_0100,3.93333333333333
VoiceMOS2023Track1-J-AD_test_0100,3.75
VoiceMOS2023Track1-K-AD_test_0100,2.82352941176471
VoiceMOS2023Track1-L-AD_test_0100,4.52631578947368
VoiceMOS2023Track1-N-AD_test_0100,2.46666666666667
VoiceMOS2023Track1-O-AD_test_0100,4.4375
VoiceMOS2023Track1-P-AD_test_0100,3.4375
VoiceMOS2023Track1-Q-AD_test_0100,3.94444444444444
VoiceMOS2023Track1-R-AD_test_0100,2.625
VoiceMOS2023Track1-S-AD_test_0100,3.1875
VoiceMOS2023Track1-T-AD_test_0100,3.88235294117647
VoiceMOS2023Track1-A-AD_test_0132,4.63157894736842
VoiceMOS2023Track1-BF-AD_test_0132,3
VoiceMOS2023Track1-BT-AD_test_0132,2.33333333333333
VoiceMOS2023Track1-E-AD_test_0132,3.6875
VoiceMOS2023Track1-F-AD_test_0132,4.05555555555556
VoiceMOS2023Track1-G-AD_test_0132,2.3125
VoiceMOS2023Track1-H-AD_test_0132,4.375
VoiceMOS2023Track1-J-AD_test_0132,4.23529411764706
VoiceMOS2023Track1-K-AD_test_0132,2.70588235294118
VoiceMOS2023Track1-L-AD_test_0132,4
VoiceMOS2023Track1-N-AD_test_0132,2.64705882352941
VoiceMOS2023Track1-O-AD_test_0132,4.625
VoiceMOS2023Track1-P-AD_test_0132,3.95
VoiceMOS2023Track1-Q-AD_test_0132,3.93333333333333
VoiceMOS2023Track1-R-AD_test_0132,2.4
VoiceMOS2023Track1-S-AD_test_0132,3.3125
VoiceMOS2023Track1-T-AD_test_0132,3.70588235294118
VoiceMOS2023Track1-A-AD_test_0149,3.94117647058824
VoiceMOS2023Track1-BF-AD_test_0149,2.93333333333333
VoiceMOS2023Track1-BT-AD_test_0149,1.63157894736842
VoiceMOS2023Track1-E-AD_test_0149,3.25
VoiceMOS2023Track1-F-AD_test_0149,4.5
VoiceMOS2023Track1-G-AD_test_0149,3.16666666666667
VoiceMOS2023Track1-H-AD_test_0149,3.6875
VoiceMOS2023Track1-J-AD_test_0149,3.5
VoiceMOS2023Track1-K-AD_test_0149,2.05882352941176
VoiceMOS2023Track1-L-AD_test_0149,4.11764705882353
VoiceMOS2023Track1-N-AD_test_0149,3.4375
VoiceMOS2023Track1-O-AD_test_0149,4.29411764705882
VoiceMOS2023Track1-P-AD_test_0149,4.3125
VoiceMOS2023Track1-Q-AD_test_0149,3.9
VoiceMOS2023Track1-R-AD_test_0149,3.2
VoiceMOS2023Track1-S-AD_test_0149,3.6
VoiceMOS2023Track1-T-AD_test_0149,3.75
VoiceMOS2023Track1-A-AD_test_0200,4.06666666666667
VoiceMOS2023Track1-BF-AD_test_0200,3.1875
VoiceMOS2023Track1-BT-AD_test_0200,2.5
VoiceMOS2023Track1-E-AD_test_0200,3.61111111111111
VoiceMOS2023Track1-F-AD_test_0200,4.6875
VoiceMOS2023Track1-G-AD_test_0200,2.6875
VoiceMOS2023Track1-H-AD_test_0200,4.64705882352941
VoiceMOS2023Track1-J-AD_test_0200,4.52941176470588
VoiceMOS2023Track1-K-AD_test_0200,3.125
VoiceMOS2023Track1-L-AD_test_0200,4.35294117647059
VoiceMOS2023Track1-N-AD_test_0200,3.25
VoiceMOS2023Track1-O-AD_test_0200,4.4
VoiceMOS2023Track1-P-AD_test_0200,4
VoiceMOS2023Track1-Q-AD_test_0200,4.26666666666667
VoiceMOS2023Track1-R-AD_test_0200,3.6875
VoiceMOS2023Track1-S-AD_test_0200,3.82352941176471
VoiceMOS2023Track1-T-AD_test_0200,3.84210526315789
VoiceMOS2023Track1-A-AD_test_0223,4.625
VoiceMOS2023Track1-BF-AD_test_0223,2.89473684210526
VoiceMOS2023Track1-BT-AD_test_0223,2.23529411764706
VoiceMOS2023Track1-E-AD_test_0223,3.93333333333333
VoiceMOS2023Track1-F-AD_test_0223,4.5625
VoiceMOS2023Track1-G-AD_test_0223,3.625
VoiceMOS2023Track1-H-AD_test_0223,3.55555555555556
VoiceMOS2023Track1-J-AD_test_0223,3.75
VoiceMOS2023Track1-K-AD_test_0223,2.25
VoiceMOS2023Track1-L-AD_test_0223,3.94117647058824
VoiceMOS2023Track1-N-AD_test_0223,3.52941176470588
VoiceMOS2023Track1-O-AD_test_0223,4.4375
VoiceMOS2023Track1-P-AD_test_0223,3.94117647058824
VoiceMOS2023Track1-Q-AD_test_0223,3.6875
VoiceMOS2023Track1-R-AD_test_0223,2.45
VoiceMOS2023Track1-S-AD_test_0223,2.73333333333333
VoiceMOS2023Track1-T-AD_test_0223,4.26666666666667
VoiceMOS2023Track1-A-AD_test_0237,4.6875
VoiceMOS2023Track1-BF-AD_test_0237,2.22222222222222
VoiceMOS2023Track1-BT-AD_test_0237,1.3125
VoiceMOS2023Track1-E-AD_test_0237,3.1875
VoiceMOS2023Track1-F-AD_test_0237,4.6875
VoiceMOS2023Track1-G-AD_test_0237,2.94117647058824
VoiceMOS2023Track1-H-AD_test_0237,3.52941176470588
VoiceMOS2023Track1-J-AD_test_0237,3.4375
VoiceMOS2023Track1-K-AD_test_0237,1.88235294117647
VoiceMOS2023Track1-L-AD_test_0237,4.3125
VoiceMOS2023Track1-N-AD_test_0237,2.15
VoiceMOS2023Track1-O-AD_test_0237,4.46666666666667
VoiceMOS2023Track1-P-AD_test_0237,3.8
VoiceMOS2023Track1-Q-AD_test_0237,4.125
VoiceMOS2023Track1-R-AD_test_0237,3.17647058823529
VoiceMOS2023Track1-S-AD_test_0237,3.36842105263158
VoiceMOS2023Track1-T-AD_test_0237,3.66666666666667
VoiceMOS2023Track1-A-AD_test_0238,4.33333333333333
VoiceMOS2023Track1-BF-AD_test_0238,2.94117647058824
VoiceMOS2023Track1-BT-AD_test_0238,2
VoiceMOS2023Track1-E-AD_test_0238,3.94736842105263
VoiceMOS2023Track1-F-AD_test_0238,4.53333333333333
VoiceMOS2023Track1-G-AD_test_0238,2.4375
VoiceMOS2023Track1-H-AD_test_0238,3.875
VoiceMOS2023Track1-J-AD_test_0238,4.05555555555556
VoiceMOS2023Track1-K-AD_test_0238,2.5
VoiceMOS2023Track1-L-AD_test_0238,4.375
VoiceMOS2023Track1-N-AD_test_0238,2.76470588235294
VoiceMOS2023Track1-O-AD_test_0238,4.41176470588235
VoiceMOS2023Track1-P-AD_test_0238,3.75
VoiceMOS2023Track1-Q-AD_test_0238,3.88235294117647
VoiceMOS2023Track1-R-AD_test_0238,2.375
VoiceMOS2023Track1-S-AD_test_0238,2.8
VoiceMOS2023Track1-T-AD_test_0238,3.93333333333333
VoiceMOS2023Track1-A-AD_test_0261,4.3125
VoiceMOS2023Track1-BF-AD_test_0261,1.9375
VoiceMOS2023Track1-BT-AD_test_0261,2.16666666666667
VoiceMOS2023Track1-E-AD_test_0261,2.9375
VoiceMOS2023Track1-F-AD_test_0261,4.70588235294118
VoiceMOS2023Track1-G-AD_test_0261,3.11764705882353
VoiceMOS2023Track1-H-AD_test_0261,3.9375
VoiceMOS2023Track1-J-AD_test_0261,4.11764705882353
VoiceMOS2023Track1-K-AD_test_0261,3.1875
VoiceMOS2023Track1-L-AD_test_0261,4.3
VoiceMOS2023Track1-N-AD_test_0261,3.13333333333333
VoiceMOS2023Track1-O-AD_test_0261,4.06666666666667
VoiceMOS2023Track1-P-AD_test_0261,3.5
VoiceMOS2023Track1-Q-AD_test_0261,3.94117647058824
VoiceMOS2023Track1-R-AD_test_0261,1.89473684210526
VoiceMOS2023Track1-S-AD_test_0261,2.66666666666667
VoiceMOS2023Track1-T-AD_test_0261,3.875
VoiceMOS2023Track1-A-AD_test_0274,4.73333333333333
VoiceMOS2023Track1-BF-AD_test_0274,2.5625
VoiceMOS2023Track1-BT-AD_test_0274,2.46666666666667
VoiceMOS2023Track1-E-AD_test_0274,3.64705882352941
VoiceMOS2023Track1-F-AD_test_0274,4.73684210526316
VoiceMOS2023Track1-G-AD_test_0274,3.13333333333333
VoiceMOS2023Track1-H-AD_test_0274,4.125
VoiceMOS2023Track1-J-AD_test_0274,3.5625
VoiceMOS2023Track1-K-AD_test_0274,2.05555555555556
VoiceMOS2023Track1-L-AD_test_0274,4.25
VoiceMOS2023Track1-N-AD_test_0274,3.0625
VoiceMOS2023Track1-O-AD_test_0274,4.70588235294118
VoiceMOS2023Track1-P-AD_test_0274,3.47058823529412
VoiceMOS2023Track1-Q-AD_test_0274,4.3125
VoiceMOS2023Track1-R-AD_test_0274,3
VoiceMOS2023Track1-S-AD_test_0274,3.9375
VoiceMOS2023Track1-T-AD_test_0274,3.6
VoiceMOS2023Track1-A-AD_test_0338,4.55555555555556
VoiceMOS2023Track1-BF-AD_test_0338,3.3125
VoiceMOS2023Track1-BT-AD_test_0338,2.0625
VoiceMOS2023Track1-E-AD_test_0338,3.64705882352941
VoiceMOS2023Track1-F-AD_test_0338,4.17647058823529
VoiceMOS2023Track1-G-AD_test_0338,3.25
VoiceMOS2023Track1-H-AD_test_0338,3.05882352941176
VoiceMOS2023Track1-J-AD_test_0338,3.9375
VoiceMOS2023Track1-K-AD_test_0338,2.15
VoiceMOS2023Track1-L-AD_test_0338,4.53333333333333
VoiceMOS2023Track1-N-AD_test_0338,2.66666666666667
VoiceMOS2023Track1-O-AD_test_0338,4.8125
VoiceMOS2023Track1-P-AD_test_0338,3.76470588235294
VoiceMOS2023Track1-Q-AD_test_0338,4.31578947368421
VoiceMOS2023Track1-R-AD_test_0338,2.53333333333333
VoiceMOS2023Track1-S-AD_test_0338,3.1875
VoiceMOS2023Track1-T-AD_test_0338,4
VoiceMOS2023Track1-A-AD_test_0342,4.65
VoiceMOS2023Track1-BF-AD_test_0342,3.13333333333333
VoiceMOS2023Track1-BT-AD_test_0342,3.06666666666667
VoiceMOS2023Track1-E-AD_test_0342,4.0625
VoiceMOS2023Track1-F-AD_test_0342,4.58823529411765
VoiceMOS2023Track1-G-AD_test_0342,3.42105263157895
VoiceMOS2023Track1-H-AD_test_0342,3.6
VoiceMOS2023Track1-J-AD_test_0342,3.4375
VoiceMOS2023Track1-K-AD_test_0342,2.5
VoiceMOS2023Track1-L-AD_test_0342,4.38888888888889
VoiceMOS2023Track1-N-AD_test_0342,3.25
VoiceMOS2023Track1-O-AD_test_0342,4.3125
VoiceMOS2023Track1-P-AD_test_0342,4.52941176470588
VoiceMOS2023Track1-Q-AD_test_0342,4.23529411764706
VoiceMOS2023Track1-R-AD_test_0342,3.4375
VoiceMOS2023Track1-S-AD_test_0342,3.58823529411765
VoiceMOS2023Track1-T-AD_test_0342,4.25
VoiceMOS2023Track1-A-AD_test_0346,4.5625
VoiceMOS2023Track1-BF-AD_test_0346,2.70588235294118
VoiceMOS2023Track1-BT-AD_test_0346,1.625
VoiceMOS2023Track1-E-AD_test_0346,3.76470588235294
VoiceMOS2023Track1-F-AD_test_0346,4.375
VoiceMOS2023Track1-G-AD_test_0346,2.76470588235294
VoiceMOS2023Track1-H-AD_test_0346,3.9375
VoiceMOS2023Track1-J-AD_test_0346,3.75
VoiceMOS2023Track1-K-AD_test_0346,3.2
VoiceMOS2023Track1-L-AD_test_0346,3.73333333333333
VoiceMOS2023Track1-N-AD_test_0346,2.5
VoiceMOS2023Track1-O-AD_test_0346,4.29411764705882
VoiceMOS2023Track1-P-AD_test_0346,3.52631578947368
VoiceMOS2023Track1-Q-AD_test_0346,4.26666666666667
VoiceMOS2023Track1-R-AD_test_0346,2.3125
VoiceMOS2023Track1-S-AD_test_0346,3.5
VoiceMOS2023Track1-T-AD_test_0346,3.66666666666667
VoiceMOS2023Track1-A-AD_test_0350,4.375
VoiceMOS2023Track1-BF-AD_test_0350,3.13333333333333
VoiceMOS2023Track1-BT-AD_test_0350,1.75
VoiceMOS2023Track1-E-AD_test_0350,2.4
VoiceMOS2023Track1-F-AD_test_0350,4.4375
VoiceMOS2023Track1-G-AD_test_0350,3.47058823529412
VoiceMOS2023Track1-H-AD_test_0350,4
VoiceMOS2023Track1-J-AD_test_0350,3.86666666666667
VoiceMOS2023Track1-K-AD_test_0350,2.875
VoiceMOS2023Track1-L-AD_test_0350,4.4375
VoiceMOS2023Track1-N-AD_test_0350,2.83333333333333
VoiceMOS2023Track1-O-AD_test_0350,4.75
VoiceMOS2023Track1-P-AD_test_0350,3.5625
VoiceMOS2023Track1-Q-AD_test_0350,4.41176470588235
VoiceMOS2023Track1-R-AD_test_0350,3.41176470588235
VoiceMOS2023Track1-S-AD_test_0350,3.875
VoiceMOS2023Track1-T-AD_test_0350,3.82352941176471
VoiceMOS2023Track1-A-AD_test_0362,4.25
VoiceMOS2023Track1-BF-AD_test_0362,2.64705882352941
VoiceMOS2023Track1-BT-AD_test_0362,2.35294117647059
VoiceMOS2023Track1-E-AD_test_0362,3.9375
VoiceMOS2023Track1-F-AD_test_0362,4.76470588235294
VoiceMOS2023Track1-G-AD_test_0362,2.625
VoiceMOS2023Track1-H-AD_test_0362,4.35
VoiceMOS2023Track1-J-AD_test_0362,4.4
VoiceMOS2023Track1-K-AD_test_0362,2.6
VoiceMOS2023Track1-L-AD_test_0362,4.3125
VoiceMOS2023Track1-N-AD_test_0362,1.58823529411765
VoiceMOS2023Track1-O-AD_test_0362,4.15789473684211
VoiceMOS2023Track1-P-AD_test_0362,3.86666666666667
VoiceMOS2023Track1-Q-AD_test_0362,4.75
VoiceMOS2023Track1-R-AD_test_0362,2.625
VoiceMOS2023Track1-S-AD_test_0362,3.83333333333333
VoiceMOS2023Track1-T-AD_test_0362,3.8125
VoiceMOS2023Track1-A-AD_test_0366,4.70588235294118
VoiceMOS2023Track1-BF-AD_test_0366,3.55
VoiceMOS2023Track1-BT-AD_test_0366,1.25
VoiceMOS2023Track1-E-AD_test_0366,4.2
VoiceMOS2023Track1-F-AD_test_0366,4.33333333333333
VoiceMOS2023Track1-G-AD_test_0366,3.25
VoiceMOS2023Track1-H-AD_test_0366,3.23529411764706
VoiceMOS2023Track1-J-AD_test_0366,4.52631578947368
VoiceMOS2023Track1-K-AD_test_0366,2.86666666666667
VoiceMOS2023Track1-L-AD_test_0366,4.4375
VoiceMOS2023Track1-N-AD_test_0366,3.1875
VoiceMOS2023Track1-O-AD_test_0366,4.38888888888889
VoiceMOS2023Track1-P-AD_test_0366,4.125
VoiceMOS2023Track1-Q-AD_test_0366,4.1875
VoiceMOS2023Track1-R-AD_test_0366,3.05882352941176
VoiceMOS2023Track1-S-AD_test_0366,3.70588235294118
VoiceMOS2023Track1-T-AD_test_0366,3.875
VoiceMOS2023Track1-A-AD_test_0370,4.23529411764706
VoiceMOS2023Track1-BF-AD_test_0370,3.5625
VoiceMOS2023Track1-BT-AD_test_0370,2.35294117647059
VoiceMOS2023Track1-E-AD_test_0370,3.52941176470588
VoiceMOS2023Track1-F-AD_test_0370,4.5
VoiceMOS2023Track1-G-AD_test_0370,2.85
VoiceMOS2023Track1-H-AD_test_0370,4.73333333333333
VoiceMOS2023Track1-J-AD_test_0370,4.2
VoiceMOS2023Track1-K-AD_test_0370,2.6875
VoiceMOS2023Track1-L-AD_test_0370,4.29411764705882
VoiceMOS2023Track1-N-AD_test_0370,2.78947368421053
VoiceMOS2023Track1-O-AD_test_0370,4.33333333333333
VoiceMOS2023Track1-P-AD_test_0370,4.125
VoiceMOS2023Track1-Q-AD_test_0370,4.375
VoiceMOS2023Track1-R-AD_test_0370,2.72222222222222
VoiceMOS2023Track1-S-AD_test_0370,4.1875
VoiceMOS2023Track1-T-AD_test_0370,4.125
VoiceMOS2023Track1-A-AD_test_0374,4.4375
VoiceMOS2023Track1-BF-AD_test_0374,3.625
VoiceMOS2023Track1-BT-AD_test_0374,1.35294117647059
VoiceMOS2023Track1-E-AD_test_0374,3.3
VoiceMOS2023Track1-F-AD_test_0374,4.66666666666667
VoiceMOS2023Track1-G-AD_test_0374,2.86666666666667
VoiceMOS2023Track1-H-AD_test_0374,3.875
VoiceMOS2023Track1-J-AD_test_0374,3.94117647058824
VoiceMOS2023Track1-K-AD_test_0374,1.78947368421053
VoiceMOS2023Track1-L-AD_test_0374,3.13333333333333
VoiceMOS2023Track1-N-AD_test_0374,3.0625
VoiceMOS2023Track1-O-AD_test_0374,4.4375
VoiceMOS2023Track1-P-AD_test_0374,3.61111111111111
VoiceMOS2023Track1-Q-AD_test_0374,4.3125
VoiceMOS2023Track1-R-AD_test_0374,3.3125
VoiceMOS2023Track1-S-AD_test_0374,3.58823529411765
VoiceMOS2023Track1-T-AD_test_0374,3.52941176470588
VoiceMOS2023Track1-A-AD_test_0380,4.64705882352941
VoiceMOS2023Track1-BF-AD_test_0380,2.47058823529412
VoiceMOS2023Track1-BT-AD_test_0380,2.5625
VoiceMOS2023Track1-E-AD_test_0380,3.9375
VoiceMOS2023Track1-F-AD_test_0380,4.15
VoiceMOS2023Track1-G-AD_test_0380,3.6
VoiceMOS2023Track1-H-AD_test_0380,3.93333333333333
VoiceMOS2023Track1-J-AD_test_0380,3.9375
VoiceMOS2023Track1-K-AD_test_0380,2.82352941176471
VoiceMOS2023Track1-L-AD_test_0380,4.84210526315789
VoiceMOS2023Track1-N-AD_test_0380,2.8
VoiceMOS2023Track1-O-AD_test_0380,4.5625
VoiceMOS2023Track1-P-AD_test_0380,4.3125
VoiceMOS2023Track1-Q-AD_test_0380,4.05555555555556
VoiceMOS2023Track1-R-AD_test_0380,2.5625
VoiceMOS2023Track1-S-AD_test_0380,3.375
VoiceMOS2023Track1-T-AD_test_0380,3.94117647058824
VoiceMOS2023Track1-A-NEB_test_0073,4.29411764705882
VoiceMOS2023Track1-BF-NEB_test_0073,2.42105263157895
VoiceMOS2023Track1-BT-NEB_test_0073,2
VoiceMOS2023Track1-C-NEB_test_0073,3.47058823529412
VoiceMOS2023Track1-D-NEB_test_0073,3.77777777777778
VoiceMOS2023Track1-E-NEB_test_0073,4
VoiceMOS2023Track1-F-NEB_test_0073,4.05
VoiceMOS2023Track1-G-NEB_test_0073,3.58823529411765
VoiceMOS2023Track1-H-NEB_test_0073,4.21052631578947
VoiceMOS2023Track1-I-NEB_test_0073,4.5625
VoiceMOS2023Track1-J-NEB_test_0073,3.58823529411765
VoiceMOS2023Track1-K-NEB_test_0073,3.94117647058824
VoiceMOS2023Track1-L-NEB_test_0073,3.5
VoiceMOS2023Track1-M-NEB_test_0073,4.33333333333333
VoiceMOS2023Track1-N-NEB_test_0073,2.94444444444444
VoiceMOS2023Track1-O-NEB_test_0073,4.53333333333333
VoiceMOS2023Track1-P-NEB_test_0073,4.375
VoiceMOS2023Track1-Q-NEB_test_0073,4.35294117647059
VoiceMOS2023Track1-R-NEB_test_0073,2.6
VoiceMOS2023Track1-S-NEB_test_0073,3
VoiceMOS2023Track1-T-NEB_test_0073,3.9375
VoiceMOS2023Track1-A-NEB_test_0082,4.4375
VoiceMOS2023Track1-BF-NEB_test_0082,1.875
VoiceMOS2023Track1-BT-NEB_test_0082,1.82352941176471
VoiceMOS2023Track1-C-NEB_test_0082,3.52631578947368
VoiceMOS2023Track1-D-NEB_test_0082,3.23529411764706
VoiceMOS2023Track1-E-NEB_test_0082,3.94444444444444
VoiceMOS2023Track1-F-NEB_test_0082,4.58823529411765
VoiceMOS2023Track1-G-NEB_test_0082,2.4
VoiceMOS2023Track1-H-NEB_test_0082,3.64705882352941
VoiceMOS2023Track1-I-NEB_test_0082,4.36842105263158
VoiceMOS2023Track1-J-NEB_test_0082,3.6875
VoiceMOS2023Track1-K-NEB_test_0082,3.52941176470588
VoiceMOS2023Track1-L-NEB_test_0082,2.58823529411765
VoiceMOS2023Track1-M-NEB_test_0082,3.7
VoiceMOS2023Track1-N-NEB_test_0082,2.38888888888889
VoiceMOS2023Track1-O-NEB_test_0082,4.27777777777778
VoiceMOS2023Track1-P-NEB_test_0082,4.06666666666667
VoiceMOS2023Track1-Q-NEB_test_0082,3.5625
VoiceMOS2023Track1-R-NEB_test_0082,3.52941176470588
VoiceMOS2023Track1-S-NEB_test_0082,3.33333333333333
VoiceMOS2023Track1-T-NEB_test_0082,3.8125
VoiceMOS2023Track1-A-NEB_test_0087,3.8125
VoiceMOS2023Track1-BF-NEB_test_0087,2.29411764705882
VoiceMOS2023Track1-BT-NEB_test_0087,1.78947368421053
VoiceMOS2023Track1-C-NEB_test_0087,3.61111111111111
VoiceMOS2023Track1-D-NEB_test_0087,3.52941176470588
VoiceMOS2023Track1-E-NEB_test_0087,3.9
VoiceMOS2023Track1-F-NEB_test_0087,4.76470588235294
VoiceMOS2023Track1-G-NEB_test_0087,2.42105263157895
VoiceMOS2023Track1-H-NEB_test_0087,3.6875
VoiceMOS2023Track1-I-NEB_test_0087,3.64705882352941
VoiceMOS2023Track1-J-NEB_test_0087,4.11764705882353
VoiceMOS2023Track1-K-NEB_test_0087,2.75
VoiceMOS2023Track1-L-NEB_test_0087,2
VoiceMOS2023Track1-M-NEB_test_0087,4.27777777777778
VoiceMOS2023Track1-N-NEB_test_0087,2.33333333333333
VoiceMOS2023Track1-O-NEB_test_0087,4.125
VoiceMOS2023Track1-P-NEB_test_0087,4.29411764705882
VoiceMOS2023Track1-Q-NEB_test_0087,3.4
VoiceMOS2023Track1-R-NEB_test_0087,2.625
VoiceMOS2023Track1-S-NEB_test_0087,4
VoiceMOS2023Track1-T-NEB_test_0087,4.05882352941176
VoiceMOS2023Track1-A-NEB_test_0091,4.1875
VoiceMOS2023Track1-BF-NEB_test_0091,2.29411764705882
VoiceMOS2023Track1-BT-NEB_test_0091,1.75
VoiceMOS2023Track1-C-NEB_test_0091,3.6875
VoiceMOS2023Track1-D-NEB_test_0091,2.78947368421053
VoiceMOS2023Track1-E-NEB_test_0091,4.47058823529412
VoiceMOS2023Track1-F-NEB_test_0091,4.83333333333333
VoiceMOS2023Track1-G-NEB_test_0091,2
VoiceMOS2023Track1-H-NEB_test_0091,3.85
VoiceMOS2023Track1-I-NEB_test_0091,4.52941176470588
VoiceMOS2023Track1-J-NEB_test_0091,3.52631578947368
VoiceMOS2023Track1-K-NEB_test_0091,2.5
VoiceMOS2023Track1-L-NEB_test_0091,3.64705882352941
VoiceMOS2023Track1-M-NEB_test_0091,4.11764705882353
VoiceMOS2023Track1-N-NEB_test_0091,2.65
VoiceMOS2023Track1-O-NEB_test_0091,4.44444444444444
VoiceMOS2023Track1-P-NEB_test_0091,4.16666666666667
VoiceMOS2023Track1-Q-NEB_test_0091,3.86666666666667
VoiceMOS2023Track1-R-NEB_test_0091,2
VoiceMOS2023Track1-S-NEB_test_0091,4.35294117647059
VoiceMOS2023Track1-T-NEB_test_0091,3.93333333333333
VoiceMOS2023Track1-A-NEB_test_0117,4.52631578947368
VoiceMOS2023Track1-BF-NEB_test_0117,2.27777777777778
VoiceMOS2023Track1-BT-NEB_test_0117,1.76470588235294
VoiceMOS2023Track1-C-NEB_test_0117,2.82352941176471
VoiceMOS2023Track1-D-NEB_test_0117,3
VoiceMOS2023Track1-E-NEB_test_0117,3.76470588235294
VoiceMOS2023Track1-F-NEB_test_0117,4.84210526315789
VoiceMOS2023Track1-G-NEB_test_0117,2.3125
VoiceMOS2023Track1-H-NEB_test_0117,4.05882352941176
VoiceMOS2023Track1-I-NEB_test_0117,4.41176470588235
VoiceMOS2023Track1-J-NEB_test_0117,3.4
VoiceMOS2023Track1-K-NEB_test_0117,3.33333333333333
VoiceMOS2023Track1-L-NEB_test_0117,1.77777777777778
VoiceMOS2023Track1-M-NEB_test_0117,3.86666666666667
VoiceMOS2023Track1-N-NEB_test_0117,2.875
VoiceMOS2023Track1-O-NEB_test_0117,4.52941176470588
VoiceMOS2023Track1-P-NEB_test_0117,3.73333333333333
VoiceMOS2023Track1-Q-NEB_test_0117,4.1875
VoiceMOS2023Track1-R-NEB_test_0117,3.3125
VoiceMOS2023Track1-S-NEB_test_0117,3.29411764705882
VoiceMOS2023Track1-T-NEB_test_0117,3.6875
VoiceMOS2023Track1-A-NEB_test_0120,4.4
VoiceMOS2023Track1-BF-NEB_test_0120,1.8125
VoiceMOS2023Track1-BT-NEB_test_0120,1.875
VoiceMOS2023Track1-C-NEB_test_0120,3.70588235294118
VoiceMOS2023Track1-D-NEB_test_0120,3.5625
VoiceMOS2023Track1-E-NEB_test_0120,4.15789473684211
VoiceMOS2023Track1-F-NEB_test_0120,4.41176470588235
VoiceMOS2023Track1-G-NEB_test_0120,2.5
VoiceMOS2023Track1-H-NEB_test_0120,4.29411764705882
VoiceMOS2023Track1-I-NEB_test_0120,3.9
VoiceMOS2023Track1-J-NEB_test_0120,4.17647058823529
VoiceMOS2023Track1-K-NEB_test_0120,3.63157894736842
VoiceMOS2023Track1-L-NEB_test_0120,2.625
VoiceMOS2023Track1-M-NEB_test_0120,3.88235294117647
VoiceMOS2023Track1-N-NEB_test_0120,3.17647058823529
VoiceMOS2023Track1-O-NEB_test_0120,4.2
VoiceMOS2023Track1-P-NEB_test_0120,4.22222222222222
VoiceMOS2023Track1-Q-NEB_test_0120,3.72222222222222
VoiceMOS2023Track1-R-NEB_test_0120,2.2
VoiceMOS2023Track1-S-NEB_test_0120,3.875
VoiceMOS2023Track1-T-NEB_test_0120,4
VoiceMOS2023Track1-A-NEB_test_0147,4.41176470588235
VoiceMOS2023Track1-BF-NEB_test_0147,2.29411764705882
VoiceMOS2023Track1-BT-NEB_test_0147,1.22222222222222
VoiceMOS2023Track1-C-NEB_test_0147,3.3
VoiceMOS2023Track1-D-NEB_test_0147,3.11764705882353
VoiceMOS2023Track1-E-NEB_test_0147,3.73684210526316
VoiceMOS2023Track1-F-NEB_test_0147,4
VoiceMOS2023Track1-G-NEB_test_0147,3.17647058823529
VoiceMOS2023Track1-H-NEB_test_0147,3.52941176470588
VoiceMOS2023Track1-I-NEB_test_0147,4.1
VoiceMOS2023Track1-J-NEB_test_0147,3.38888888888889
VoiceMOS2023Track1-K-NEB_test_0147,3
VoiceMOS2023Track1-L-NEB_test_0147,3.53333333333333
VoiceMOS2023Track1-M-NEB_test_0147,3.875
VoiceMOS2023Track1-N-NEB_test_0147,2.88235294117647
VoiceMOS2023Track1-O-NEB_test_0147,3.6
VoiceMOS2023Track1-P-NEB_test_0147,3.3125
VoiceMOS2023Track1-Q-NEB_test_0147,4.0625
VoiceMOS2023Track1-R-NEB_test_0147,2.64705882352941
VoiceMOS2023Track1-S-NEB_test_0147,3.6875
VoiceMOS2023Track1-T-NEB_test_0147,3.52631578947368
VoiceMOS2023Track1-A-NEB_test_0187,4.17647058823529
VoiceMOS2023Track1-BF-NEB_test_0187,2.125
VoiceMOS2023Track1-BT-NEB_test_0187,1.33333333333333
VoiceMOS2023Track1-C-NEB_test_0187,3.5
VoiceMOS2023Track1-D-NEB_test_0187,3.88235294117647
VoiceMOS2023Track1-E-NEB_test_0187,2.875
VoiceMOS2023Track1-F-NEB_test_0187,3.78947368421053
VoiceMOS2023Track1-G-NEB_test_0187,2.41176470588235
VoiceMOS2023Track1-H-NEB_test_0187,3
VoiceMOS2023Track1-I-NEB_test_0187,3.88235294117647
VoiceMOS2023Track1-J-NEB_test_0187,3.2
VoiceMOS2023Track1-K-NEB_test_0187,3
VoiceMOS2023Track1-L-NEB_test_0187,3.26315789473684
VoiceMOS2023Track1-M-NEB_test_0187,3.5
VoiceMOS2023Track1-N-NEB_test_0187,2.29411764705882
VoiceMOS2023Track1-O-NEB_test_0187,3.58823529411765
VoiceMOS2023Track1-P-NEB_test_0187,3.55
VoiceMOS2023Track1-Q-NEB_test_0187,3.33333333333333
VoiceMOS2023Track1-R-NEB_test_0187,2.16666666666667
VoiceMOS2023Track1-S-NEB_test_0187,3.46666666666667
VoiceMOS2023Track1-T-NEB_test_0187,3.4375
VoiceMOS2023Track1-A-NEB_test_0240,4.38888888888889
VoiceMOS2023Track1-BF-NEB_test_0240,2.45
VoiceMOS2023Track1-BT-NEB_test_0240,2.52941176470588
VoiceMOS2023Track1-C-NEB_test_0240,4.29411764705882
VoiceMOS2023Track1-D-NEB_test_0240,3
VoiceMOS2023Track1-E-NEB_test_0240,3.75
VoiceMOS2023Track1-F-NEB_test_0240,4.23529411764706
VoiceMOS2023Track1-G-NEB_test_0240,2.82352941176471
VoiceMOS2023Track1-H-NEB_test_0240,3.5
VoiceMOS2023Track1-I-NEB_test_0240,4.33333333333333
VoiceMOS2023Track1-J-NEB_test_0240,4.05555555555556
VoiceMOS2023Track1-K-NEB_test_0240,3.13333333333333
VoiceMOS2023Track1-L-NEB_test_0240,2.3125
VoiceMOS2023Track1-M-NEB_test_0240,4.35294117647059
VoiceMOS2023Track1-N-NEB_test_0240,2.73333333333333
VoiceMOS2023Track1-O-NEB_test_0240,4.3125
VoiceMOS2023Track1-P-NEB_test_0240,4.5
VoiceMOS2023Track1-Q-NEB_test_0240,3.70588235294118
VoiceMOS2023Track1-R-NEB_test_0240,2.8125
VoiceMOS2023Track1-S-NEB_test_0240,4.10526315789474
VoiceMOS2023Track1-T-NEB_test_0240,3.82352941176471
VoiceMOS2023Track1-A-NEB_test_0245,4.25
VoiceMOS2023Track1-BF-NEB_test_0245,1.86666666666667
VoiceMOS2023Track1-BT-NEB_test_0245,2.05882352941176
VoiceMOS2023Track1-C-NEB_test_0245,3.5625
VoiceMOS2023Track1-D-NEB_test_0245,3.9375
VoiceMOS2023Track1-E-NEB_test_0245,3.94117647058824
VoiceMOS2023Track1-F-NEB_test_0245,4.125
VoiceMOS2023Track1-G-NEB_test_0245,3.36842105263158
VoiceMOS2023Track1-H-NEB_test_0245,2.64705882352941
VoiceMOS2023Track1-I-NEB_test_0245,4.61111111111111
VoiceMOS2023Track1-J-NEB_test_0245,3.29411764705882
VoiceMOS2023Track1-K-NEB_test_0245,3.95
VoiceMOS2023Track1-L-NEB_test_0245,3.41176470588235
VoiceMOS2023Track1-M-NEB_test_0245,4.10526315789474
VoiceMOS2023Track1-N-NEB_test_0245,2.125
VoiceMOS2023Track1-O-NEB_test_0245,4.52941176470588
VoiceMOS2023Track1-P-NEB_test_0245,4.05882352941176
VoiceMOS2023Track1-Q-NEB_test_0245,3.9
VoiceMOS2023Track1-R-NEB_test_0245,2.88888888888889
VoiceMOS2023Track1-S-NEB_test_0245,3.33333333333333
VoiceMOS2023Track1-T-NEB_test_0245,3.93333333333333
VoiceMOS2023Track1-A-NEB_test_0255,2.94117647058824
VoiceMOS2023Track1-BF-NEB_test_0255,2.35294117647059
VoiceMOS2023Track1-BT-NEB_test_0255,1.55
VoiceMOS2023Track1-C-NEB_test_0255,3.73684210526316
VoiceMOS2023Track1-D-NEB_test_0255,3.5
VoiceMOS2023Track1-E-NEB_test_0255,4.05882352941176
VoiceMOS2023Track1-F-NEB_test_0255,4.41176470588235
VoiceMOS2023Track1-G-NEB_test_0255,2.25
VoiceMOS2023Track1-H-NEB_test_0255,3.11111111111111
VoiceMOS2023Track1-I-NEB_test_0255,4.5
VoiceMOS2023Track1-J-NEB_test_0255,3.86666666666667
VoiceMOS2023Track1-K-NEB_test_0255,2.75
VoiceMOS2023Track1-L-NEB_test_0255,3.35294117647059
VoiceMOS2023Track1-M-NEB_test_0255,3.6
VoiceMOS2023Track1-N-NEB_test_0255,3
VoiceMOS2023Track1-O-NEB_test_0255,4.625
VoiceMOS2023Track1-P-NEB_test_0255,4.17647058823529
VoiceMOS2023Track1-Q-NEB_test_0255,3.8125
VoiceMOS2023Track1-R-NEB_test_0255,3
VoiceMOS2023Track1-S-NEB_test_0255,3.88235294117647
VoiceMOS2023Track1-T-NEB_test_0255,3.94444444444444
VoiceMOS2023Track1-A-NEB_test_0256,4.26666666666667
VoiceMOS2023Track1-BF-NEB_test_0256,2.52941176470588
VoiceMOS2023Track1-BT-NEB_test_0256,1.4375
VoiceMOS2023Track1-C-NEB_test_0256,3.06666666666667
VoiceMOS2023Track1-D-NEB_test_0256,2.875
VoiceMOS2023Track1-E-NEB_test_0256,3.1875
VoiceMOS2023Track1-F-NEB_test_0256,4.29411764705882
VoiceMOS2023Track1-G-NEB_test_0256,2.0625
VoiceMOS2023Track1-H-NEB_test_0256,3.10526315789474
VoiceMOS2023Track1-I-NEB_test_0256,4.41176470588235
VoiceMOS2023Track1-J-NEB_test_0256,2.66666666666667
VoiceMOS2023Track1-K-NEB_test_0256,2.52941176470588
VoiceMOS2023Track1-L-NEB_test_0256,3.05
VoiceMOS2023Track1-M-NEB_test_0256,4.11764705882353
VoiceMOS2023Track1-N-NEB_test_0256,2.84210526315789
VoiceMOS2023Track1-O-NEB_test_0256,4.625
VoiceMOS2023Track1-P-NEB_test_0256,3.88235294117647
VoiceMOS2023Track1-Q-NEB_test_0256,3.70588235294118
VoiceMOS2023Track1-R-NEB_test_0256,3
VoiceMOS2023Track1-S-NEB_test_0256,2.88888888888889
VoiceMOS2023Track1-T-NEB_test_0256,4.11111111111111
VoiceMOS2023Track1-A-NEB_test_0270,4.8
VoiceMOS2023Track1-BF-NEB_test_0270,1.94736842105263
VoiceMOS2023Track1-BT-NEB_test_0270,1.88235294117647
VoiceMOS2023Track1-C-NEB_test_0270,3.1875
VoiceMOS2023Track1-D-NEB_test_0270,3.29411764705882
VoiceMOS2023Track1-E-NEB_test_0270,3.70588235294118
VoiceMOS2023Track1-F-NEB_test_0270,4.5
VoiceMOS2023Track1-G-NEB_test_0270,1.83333333333333
VoiceMOS2023Track1-H-NEB_test_0270,3.55555555555556
VoiceMOS2023Track1-I-NEB_test_0270,4.6
VoiceMOS2023Track1-J-NEB_test_0270,4
VoiceMOS2023Track1-K-NEB_test_0270,3.52941176470588
VoiceMOS2023Track1-L-NEB_test_0270,3.33333333333333
VoiceMOS2023Track1-M-NEB_test_0270,3.9375
VoiceMOS2023Track1-N-NEB_test_0270,2.6875
VoiceMOS2023Track1-O-NEB_test_0270,3.88235294117647
VoiceMOS2023Track1-P-NEB_test_0270,3.375
VoiceMOS2023Track1-Q-NEB_test_0270,4.15789473684211
VoiceMOS2023Track1-R-NEB_test_0270,2.88235294117647
VoiceMOS2023Track1-S-NEB_test_0270,3.38888888888889
VoiceMOS2023Track1-T-NEB_test_0270,4
VoiceMOS2023Track1-A-NEB_test_0284,4.66666666666667
VoiceMOS2023Track1-BF-NEB_test_0284,2.3125
VoiceMOS2023Track1-BT-NEB_test_0284,2.06666666666667
VoiceMOS2023Track1-C-NEB_test_0284,4.35294117647059
VoiceMOS2023Track1-D-NEB_test_0284,3.86666666666667
VoiceMOS2023Track1-E-NEB_test_0284,3.6875
VoiceMOS2023Track1-F-NEB_test_0284,4.25
VoiceMOS2023Track1-G-NEB_test_0284,3.29411764705882
VoiceMOS2023Track1-H-NEB_test_0284,4
VoiceMOS2023Track1-I-NEB_test_0284,4.15789473684211
VoiceMOS2023Track1-J-NEB_test_0284,3.82352941176471
VoiceMOS2023Track1-K-NEB_test_0284,3.55555555555556
VoiceMOS2023Track1-L-NEB_test_0284,3.47058823529412
VoiceMOS2023Track1-M-NEB_test_0284,3.95
VoiceMOS2023Track1-N-NEB_test_0284,3.29411764705882
VoiceMOS2023Track1-O-NEB_test_0284,4.68421052631579
VoiceMOS2023Track1-P-NEB_test_0284,4.4375
VoiceMOS2023Track1-Q-NEB_test_0284,4.23529411764706
VoiceMOS2023Track1-R-NEB_test_0284,3.94117647058824
VoiceMOS2023Track1-S-NEB_test_0284,3.65
VoiceMOS2023Track1-T-NEB_test_0284,3.77777777777778
VoiceMOS2023Track1-A-NEB_test_0290,4.47058823529412
VoiceMOS2023Track1-BF-NEB_test_0290,2
VoiceMOS2023Track1-BT-NEB_test_0290,2.63157894736842
VoiceMOS2023Track1-C-NEB_test_0290,3.70588235294118
VoiceMOS2023Track1-D-NEB_test_0290,3.41176470588235
VoiceMOS2023Track1-E-NEB_test_0290,3.75
VoiceMOS2023Track1-F-NEB_test_0290,4.22222222222222
VoiceMOS2023Track1-G-NEB_test_0290,1.88888888888889
VoiceMOS2023Track1-H-NEB_test_0290,4.06666666666667
VoiceMOS2023Track1-I-NEB_test_0290,4.1875
VoiceMOS2023Track1-J-NEB_test_0290,4.17647058823529
VoiceMOS2023Track1-K-NEB_test_0290,2.8
VoiceMOS2023Track1-L-NEB_test_0290,2.5625
VoiceMOS2023Track1-M-NEB_test_0290,3.75
VoiceMOS2023Track1-N-NEB_test_0290,2.64705882352941
VoiceMOS2023Track1-O-NEB_test_0290,3.875
VoiceMOS2023Track1-P-NEB_test_0290,4.68421052631579
VoiceMOS2023Track1-Q-NEB_test_0290,3.47058823529412
VoiceMOS2023Track1-R-NEB_test_0290,2.66666666666667
VoiceMOS2023Track1-S-NEB_test_0290,4
VoiceMOS2023Track1-T-NEB_test_0290,3.9
VoiceMOS2023Track1-A-NEB_test_0308,4.44444444444444
VoiceMOS2023Track1-BF-NEB_test_0308,1.93333333333333
VoiceMOS2023Track1-BT-NEB_test_0308,1.88888888888889
VoiceMOS2023Track1-C-NEB_test_0308,3
VoiceMOS2023Track1-D-NEB_test_0308,4.35294117647059
VoiceMOS2023Track1-E-NEB_test_0308,4
VoiceMOS2023Track1-F-NEB_test_0308,4.5
VoiceMOS2023Track1-G-NEB_test_0308,3.25
VoiceMOS2023Track1-H-NEB_test_0308,3.76470588235294
VoiceMOS2023Track1-I-NEB_test_0308,4.0625
VoiceMOS2023Track1-J-NEB_test_0308,4.05263157894737
VoiceMOS2023Track1-K-NEB_test_0308,2.94117647058824
VoiceMOS2023Track1-L-NEB_test_0308,3.61111111111111
VoiceMOS2023Track1-M-NEB_test_0308,4
VoiceMOS2023Track1-N-NEB_test_0308,2.75
VoiceMOS2023Track1-O-NEB_test_0308,4.23529411764706
VoiceMOS2023Track1-P-NEB_test_0308,3.68421052631579
VoiceMOS2023Track1-Q-NEB_test_0308,3.875
VoiceMOS2023Track1-R-NEB_test_0308,2.76470588235294
VoiceMOS2023Track1-S-NEB_test_0308,3.70588235294118
VoiceMOS2023Track1-T-NEB_test_0308,4.05
VoiceMOS2023Track1-A-NEB_test_0320,4.31578947368421
VoiceMOS2023Track1-BF-NEB_test_0320,1.70588235294118
VoiceMOS2023Track1-BT-NEB_test_0320,1.6875
VoiceMOS2023Track1-C-NEB_test_0320,3.41176470588235
VoiceMOS2023Track1-D-NEB_test_0320,3.5
VoiceMOS2023Track1-E-NEB_test_0320,3.88888888888889
VoiceMOS2023Track1-F-NEB_test_0320,4.5
VoiceMOS2023Track1-G-NEB_test_0320,2.4
VoiceMOS2023Track1-H-NEB_test_0320,3.3125
VoiceMOS2023Track1-I-NEB_test_0320,4.41176470588235
VoiceMOS2023Track1-J-NEB_test_0320,3.6
VoiceMOS2023Track1-K-NEB_test_0320,3.625
VoiceMOS2023Track1-L-NEB_test_0320,3.75
VoiceMOS2023Track1-M-NEB_test_0320,4.05882352941176
VoiceMOS2023Track1-N-NEB_test_0320,3
VoiceMOS2023Track1-O-NEB_test_0320,3.84210526315789
VoiceMOS2023Track1-P-NEB_test_0320,2.64705882352941
VoiceMOS2023Track1-Q-NEB_test_0320,4.05555555555556
VoiceMOS2023Track1-R-NEB_test_0320,3.64705882352941
VoiceMOS2023Track1-S-NEB_test_0320,3.7
VoiceMOS2023Track1-T-NEB_test_0320,3.94117647058824
VoiceMOS2023Track1-A-NEB_test_0437,4.65
VoiceMOS2023Track1-BF-NEB_test_0437,2.38888888888889
VoiceMOS2023Track1-BT-NEB_test_0437,2.61111111111111
VoiceMOS2023Track1-C-NEB_test_0437,2.8
VoiceMOS2023Track1-D-NEB_test_0437,3.3125
VoiceMOS2023Track1-E-NEB_test_0437,3.76470588235294
VoiceMOS2023Track1-F-NEB_test_0437,4.53333333333333
VoiceMOS2023Track1-G-NEB_test_0437,3.0625
VoiceMOS2023Track1-H-NEB_test_0437,4.3125
VoiceMOS2023Track1-I-NEB_test_0437,4.70588235294118
VoiceMOS2023Track1-J-NEB_test_0437,4.1875
VoiceMOS2023Track1-K-NEB_test_0437,3.31578947368421
VoiceMOS2023Track1-L-NEB_test_0437,3.58823529411765
VoiceMOS2023Track1-M-NEB_test_0437,4.5
VoiceMOS2023Track1-N-NEB_test_0437,2.88235294117647
VoiceMOS2023Track1-O-NEB_test_0437,4.45
VoiceMOS2023Track1-P-NEB_test_0437,4.52941176470588
VoiceMOS2023Track1-Q-NEB_test_0437,4.10526315789474
VoiceMOS2023Track1-R-NEB_test_0437,1.9375
VoiceMOS2023Track1-S-NEB_test_0437,3.94117647058824
VoiceMOS2023Track1-T-NEB_test_0437,3.64705882352941
VoiceMOS2023Track1-A-NEB_test_0451,4.75
VoiceMOS2023Track1-BF-NEB_test_0451,2.41176470588235
VoiceMOS2023Track1-BT-NEB_test_0451,2
VoiceMOS2023Track1-C-NEB_test_0451,4.35
VoiceMOS2023Track1-D-NEB_test_0451,3.27777777777778
VoiceMOS2023Track1-E-NEB_test_0451,4.11111111111111
VoiceMOS2023Track1-F-NEB_test_0451,4.8
VoiceMOS2023Track1-G-NEB_test_0451,2.5625
VoiceMOS2023Track1-H-NEB_test_0451,4.47058823529412
VoiceMOS2023Track1-I-NEB_test_0451,3.86666666666667
VoiceMOS2023Track1-J-NEB_test_0451,4.125
VoiceMOS2023Track1-K-NEB_test_0451,3.0625
VoiceMOS2023Track1-L-NEB_test_0451,3
VoiceMOS2023Track1-M-NEB_test_0451,4.1875
VoiceMOS2023Track1-N-NEB_test_0451,3.15789473684211
VoiceMOS2023Track1-O-NEB_test_0451,4.35294117647059
VoiceMOS2023Track1-P-NEB_test_0451,3.55555555555556
VoiceMOS2023Track1-Q-NEB_test_0451,4.17647058823529
VoiceMOS2023Track1-R-NEB_test_0451,3.1
VoiceMOS2023Track1-S-NEB_test_0451,4
VoiceMOS2023Track1-T-NEB_test_0451,4.15789473684211
VoiceMOS2023Track1-A-NEB_test_0469,4.41176470588235
VoiceMOS2023Track1-BF-NEB_test_0469,2.33333333333333
VoiceMOS2023Track1-BT-NEB_test_0469,2.25
VoiceMOS2023Track1-C-NEB_test_0469,2.5
VoiceMOS2023Track1-D-NEB_test_0469,3
VoiceMOS2023Track1-E-NEB_test_0469,3.5
VoiceMOS2023Track1-F-NEB_test_0469,4.94117647058824
VoiceMOS2023Track1-G-NEB_test_0469,1.46666666666667
VoiceMOS2023Track1-H-NEB_test_0469,3.875
VoiceMOS2023Track1-I-NEB_test_0469,4.4375
VoiceMOS2023Track1-J-NEB_test_0469,3.94117647058824
VoiceMOS2023Track1-K-NEB_test_0469,2.8125
VoiceMOS2023Track1-L-NEB_test_0469,2.68421052631579
VoiceMOS2023Track1-M-NEB_test_0469,4.23529411764706
VoiceMOS2023Track1-N-NEB_test_0469,3.11111111111111
VoiceMOS2023Track1-O-NEB_test_0469,4.52941176470588
VoiceMOS2023Track1-P-NEB_test_0469,4.45
VoiceMOS2023Track1-Q-NEB_test_0469,4.41176470588235
VoiceMOS2023Track1-R-NEB_test_0469,3.21052631578947
VoiceMOS2023Track1-S-NEB_test_0469,4.4375
VoiceMOS2023Track1-T-NEB_test_0469,4.41176470588235
VoiceMOS2023Track1-A-NEB_test_0490,3.47058823529412
VoiceMOS2023Track1-BF-NEB_test_0490,2.45
VoiceMOS2023Track1-BT-NEB_test_0490,2.64705882352941
VoiceMOS2023Track1-C-NEB_test_0490,3.16666666666667
VoiceMOS2023Track1-D-NEB_test_0490,4
VoiceMOS2023Track1-E-NEB_test_0490,3.6
VoiceMOS2023Track1-F-NEB_test_0490,3.9375
VoiceMOS2023Track1-G-NEB_test_0490,3.47058823529412
VoiceMOS2023Track1-H-NEB_test_0490,3.4
VoiceMOS2023Track1-I-NEB_test_0490,3.875
VoiceMOS2023Track1-J-NEB_test_0490,4.0625
VoiceMOS2023Track1-K-NEB_test_0490,3.94117647058824
VoiceMOS2023Track1-L-NEB_test_0490,3.625
VoiceMOS2023Track1-M-NEB_test_0490,4.21052631578947
VoiceMOS2023Track1-N-NEB_test_0490,2.70588235294118
VoiceMOS2023Track1-O-NEB_test_0490,4.11111111111111
VoiceMOS2023Track1-P-NEB_test_0490,3.94117647058824
VoiceMOS2023Track1-Q-NEB_test_0490,3.55
VoiceMOS2023Track1-R-NEB_test_0490,3.11764705882353
VoiceMOS2023Track1-S-NEB_test_0490,4.10526315789474
VoiceMOS2023Track1-T-NEB_test_0490,4.375
VoiceMOS2023Track1-A-NEB_test_0504,4.64705882352941
VoiceMOS2023Track1-BF-NEB_test_0504,1.57894736842105
VoiceMOS2023Track1-BT-NEB_test_0504,1.5625
VoiceMOS2023Track1-C-NEB_test_0504,2.11764705882353
VoiceMOS2023Track1-D-NEB_test_0504,2.5
VoiceMOS2023Track1-E-NEB_test_0504,1.58823529411765
VoiceMOS2023Track1-F-NEB_test_0504,4.25
VoiceMOS2023Track1-G-NEB_test_0504,2.52941176470588
VoiceMOS2023Track1-H-NEB_test_0504,2.84210526315789
VoiceMOS2023Track1-I-NEB_test_0504,3.5
VoiceMOS2023Track1-J-NEB_test_0504,2.47058823529412
VoiceMOS2023Track1-K-NEB_test_0504,2.64705882352941
VoiceMOS2023Track1-L-NEB_test_0504,2.8
VoiceMOS2023Track1-M-NEB_test_0504,2.94444444444444
VoiceMOS2023Track1-N-NEB_test_0504,2
VoiceMOS2023Track1-O-NEB_test_0504,4.13333333333333
VoiceMOS2023Track1-P-NEB_test_0504,3.625
VoiceMOS2023Track1-Q-NEB_test_0504,4.11764705882353
VoiceMOS2023Track1-R-NEB_test_0504,1.8
VoiceMOS2023Track1-S-NEB_test_0504,3
VoiceMOS2023Track1-T-NEB_test_0504,3.125
VoiceMOS2023Track1-A-NEB_test_0532,4.6875
VoiceMOS2023Track1-BF-NEB_test_0532,2.1875
VoiceMOS2023Track1-BT-NEB_test_0532,2.17647058823529
VoiceMOS2023Track1-C-NEB_test_0532,2.63157894736842
VoiceMOS2023Track1-D-NEB_test_0532,4.11764705882353
VoiceMOS2023Track1-E-NEB_test_0532,4.33333333333333
VoiceMOS2023Track1-F-NEB_test_0532,3
VoiceMOS2023Track1-G-NEB_test_0532,1.45
VoiceMOS2023Track1-H-NEB_test_0532,4.58823529411765
VoiceMOS2023Track1-I-NEB_test_0532,4.73684210526316
VoiceMOS2023Track1-J-NEB_test_0532,4.875
VoiceMOS2023Track1-K-NEB_test_0532,3.70588235294118
VoiceMOS2023Track1-L-NEB_test_0532,3.94117647058824
VoiceMOS2023Track1-M-NEB_test_0532,4.55
VoiceMOS2023Track1-N-NEB_test_0532,3.44444444444444
VoiceMOS2023Track1-O-NEB_test_0532,4.72222222222222
VoiceMOS2023Track1-P-NEB_test_0532,4.2
VoiceMOS2023Track1-Q-NEB_test_0532,4.125
VoiceMOS2023Track1-R-NEB_test_0532,3.88235294117647
VoiceMOS2023Track1-S-NEB_test_0532,4.13333333333333
VoiceMOS2023Track1-T-NEB_test_0532,4.25
VoiceMOS2023Track1-A-NEB_test_0533,4.5
VoiceMOS2023Track1-BF-NEB_test_0533,1.82352941176471
VoiceMOS2023Track1-BT-NEB_test_0533,1.21052631578947
VoiceMOS2023Track1-C-NEB_test_0533,3.33333333333333
VoiceMOS2023Track1-D-NEB_test_0533,2.70588235294118
VoiceMOS2023Track1-E-NEB_test_0533,3.6
VoiceMOS2023Track1-F-NEB_test_0533,3.58823529411765
VoiceMOS2023Track1-G-NEB_test_0533,2.52631578947368
VoiceMOS2023Track1-H-NEB_test_0533,2.8125
VoiceMOS2023Track1-I-NEB_test_0533,4.17647058823529
VoiceMOS2023Track1-J-NEB_test_0533,3.47058823529412
VoiceMOS2023Track1-K-NEB_test_0533,2.9
VoiceMOS2023Track1-L-NEB_test_0533,2.33333333333333
VoiceMOS2023Track1-M-NEB_test_0533,4.27777777777778
VoiceMOS2023Track1-N-NEB_test_0533,1.86666666666667
VoiceMOS2023Track1-O-NEB_test_0533,4.0625
VoiceMOS2023Track1-P-NEB_test_0533,3.82352941176471
VoiceMOS2023Track1-Q-NEB_test_0533,3.73333333333333
VoiceMOS2023Track1-R-NEB_test_0533,2
VoiceMOS2023Track1-S-NEB_test_0533,3.4375
VoiceMOS2023Track1-T-NEB_test_0533,2.64705882352941
VoiceMOS2023Track1-A-NEB_test_0541,4.375
VoiceMOS2023Track1-BF-NEB_test_0541,2.11764705882353
VoiceMOS2023Track1-BT-NEB_test_0541,1.5
VoiceMOS2023Track1-C-NEB_test_0541,3.6875
VoiceMOS2023Track1-D-NEB_test_0541,3.57894736842105
VoiceMOS2023Track1-E-NEB_test_0541,4.05882352941176
VoiceMOS2023Track1-F-NEB_test_0541,4.61111111111111
VoiceMOS2023Track1-G-NEB_test_0541,3.11764705882353
VoiceMOS2023Track1-H-NEB_test_0541,4.2
VoiceMOS2023Track1-I-NEB_test_0541,4.64705882352941
VoiceMOS2023Track1-J-NEB_test_0541,4.26315789473684
VoiceMOS2023Track1-K-NEB_test_0541,3.5625
VoiceMOS2023Track1-L-NEB_test_0541,2.70588235294118
VoiceMOS2023Track1-M-NEB_test_0541,4.58823529411765
VoiceMOS2023Track1-N-NEB_test_0541,2.65
VoiceMOS2023Track1-O-NEB_test_0541,4.61111111111111
VoiceMOS2023Track1-P-NEB_test_0541,3.16666666666667
VoiceMOS2023Track1-Q-NEB_test_0541,4.13333333333333
VoiceMOS2023Track1-R-NEB_test_0541,2.5625
VoiceMOS2023Track1-S-NEB_test_0541,3.29411764705882
VoiceMOS2023Track1-T-NEB_test_0541,4.2
VoiceMOS2023Track1-A-NEB_test_0604,4.36842105263158
VoiceMOS2023Track1-BF-NEB_test_0604,2.38888888888889
VoiceMOS2023Track1-BT-NEB_test_0604,2.11764705882353
VoiceMOS2023Track1-C-NEB_test_0604,4.47058823529412
VoiceMOS2023Track1-D-NEB_test_0604,4.05
VoiceMOS2023Track1-E-NEB_test_0604,3.70588235294118
VoiceMOS2023Track1-F-NEB_test_0604,4.57894736842105
VoiceMOS2023Track1-G-NEB_test_0604,2.25
VoiceMOS2023Track1-H-NEB_test_0604,3.82352941176471
VoiceMOS2023Track1-I-NEB_test_0604,4.35294117647059
VoiceMOS2023Track1-J-NEB_test_0604,3.75
VoiceMOS2023Track1-K-NEB_test_0604,3.33333333333333
VoiceMOS2023Track1-L-NEB_test_0604,2.55555555555556
VoiceMOS2023Track1-M-NEB_test_0604,4.06666666666667
VoiceMOS2023Track1-N-NEB_test_0604,3.25
VoiceMOS2023Track1-O-NEB_test_0604,4.35294117647059
VoiceMOS2023Track1-P-NEB_test_0604,3.6
VoiceMOS2023Track1-Q-NEB_test_0604,3.4375
VoiceMOS2023Track1-R-NEB_test_0604,3.6875
VoiceMOS2023Track1-S-NEB_test_0604,3.82352941176471
VoiceMOS2023Track1-T-NEB_test_0604,3.75
VoiceMOS2023Track1-A-NEB_test_0607,4.2
VoiceMOS2023Track1-BF-NEB_test_0607,2.1875
VoiceMOS2023Track1-BT-NEB_test_0607,1.8125
VoiceMOS2023Track1-C-NEB_test_0607,2.47058823529412
VoiceMOS2023Track1-D-NEB_test_0607,3.3125
VoiceMOS2023Track1-E-NEB_test_0607,4.10526315789474
VoiceMOS2023Track1-F-NEB_test_0607,4.82352941176471
VoiceMOS2023Track1-G-NEB_test_0607,3.05555555555556
VoiceMOS2023Track1-H-NEB_test_0607,3.29411764705882
VoiceMOS2023Track1-I-NEB_test_0607,4.5
VoiceMOS2023Track1-J-NEB_test_0607,4.05882352941176
VoiceMOS2023Track1-K-NEB_test_0607,4.05263157894737
VoiceMOS2023Track1-L-NEB_test_0607,2.75
VoiceMOS2023Track1-M-NEB_test_0607,4.17647058823529
VoiceMOS2023Track1-N-NEB_test_0607,2.35294117647059
VoiceMOS2023Track1-O-NEB_test_0607,4.3
VoiceMOS2023Track1-P-NEB_test_0607,4.16666666666667
VoiceMOS2023Track1-Q-NEB_test_0607,4.11111111111111
VoiceMOS2023Track1-R-NEB_test_0607,2.8
VoiceMOS2023Track1-S-NEB_test_0607,4.25
VoiceMOS2023Track1-T-NEB_test_0607,4.05882352941176
VoiceMOS2023Track1-A-NEB_test_0611,4.76470588235294
VoiceMOS2023Track1-BF-NEB_test_0611,2.11764705882353
VoiceMOS2023Track1-BT-NEB_test_0611,1.88888888888889
VoiceMOS2023Track1-C-NEB_test_0611,3.55
VoiceMOS2023Track1-D-NEB_test_0611,3.64705882352941
VoiceMOS2023Track1-E-NEB_test_0611,3.73684210526316
VoiceMOS2023Track1-F-NEB_test_0611,4.125
VoiceMOS2023Track1-G-NEB_test_0611,2.82352941176471
VoiceMOS2023Track1-H-NEB_test_0611,3.47058823529412
VoiceMOS2023Track1-I-NEB_test_0611,3.95
VoiceMOS2023Track1-J-NEB_test_0611,3.05555555555556
VoiceMOS2023Track1-K-NEB_test_0611,3.33333333333333
VoiceMOS2023Track1-L-NEB_test_0611,3.26666666666667
VoiceMOS2023Track1-M-NEB_test_0611,3.5
VoiceMOS2023Track1-N-NEB_test_0611,2.88235294117647
VoiceMOS2023Track1-O-NEB_test_0611,4.2
VoiceMOS2023Track1-P-NEB_test_0611,4.0625
VoiceMOS2023Track1-Q-NEB_test_0611,3.875
VoiceMOS2023Track1-R-NEB_test_0611,2.64705882352941
VoiceMOS2023Track1-S-NEB_test_0611,3
VoiceMOS2023Track1-T-NEB_test_0611,3.63157894736842
VoiceMOS2023Track1-A-NEB_test_0619,4.47058823529412
VoiceMOS2023Track1-BF-NEB_test_0619,2
VoiceMOS2023Track1-BT-NEB_test_0619,1.53333333333333
VoiceMOS2023Track1-C-NEB_test_0619,3.8125
VoiceMOS2023Track1-D-NEB_test_0619,3.94117647058824
VoiceMOS2023Track1-E-NEB_test_0619,3.8125
VoiceMOS2023Track1-F-NEB_test_0619,4.57894736842105
VoiceMOS2023Track1-G-NEB_test_0619,3.23529411764706
VoiceMOS2023Track1-H-NEB_test_0619,3.38888888888889
VoiceMOS2023Track1-I-NEB_test_0619,4.47058823529412
VoiceMOS2023Track1-J-NEB_test_0619,4.05
VoiceMOS2023Track1-K-NEB_test_0619,2.58823529411765
VoiceMOS2023Track1-L-NEB_test_0619,2.42105263157895
VoiceMOS2023Track1-M-NEB_test_0619,4.375
VoiceMOS2023Track1-N-NEB_test_0619,3.05882352941176
VoiceMOS2023Track1-O-NEB_test_0619,4.05882352941176
VoiceMOS2023Track1-P-NEB_test_0619,3.95
VoiceMOS2023Track1-Q-NEB_test_0619,3.55555555555556
VoiceMOS2023Track1-R-NEB_test_0619,2.77777777777778
VoiceMOS2023Track1-S-NEB_test_0619,3.2
VoiceMOS2023Track1-T-NEB_test_0619,3.75
VoiceMOS2023Track1-A-NEB_test_0680,3.94444444444444
VoiceMOS2023Track1-BF-NEB_test_0680,2.85
VoiceMOS2023Track1-BT-NEB_test_0680,2.47058823529412
VoiceMOS2023Track1-C-NEB_test_0680,3.58823529411765
VoiceMOS2023Track1-D-NEB_test_0680,3.57894736842105
VoiceMOS2023Track1-E-NEB_test_0680,2.375
VoiceMOS2023Track1-F-NEB_test_0680,4.11764705882353
VoiceMOS2023Track1-G-NEB_test_0680,3.29411764705882
VoiceMOS2023Track1-H-NEB_test_0680,3.75
VoiceMOS2023Track1-I-NEB_test_0680,3.38888888888889
VoiceMOS2023Track1-J-NEB_test_0680,3.72222222222222
VoiceMOS2023Track1-K-NEB_test_0680,1.6
VoiceMOS2023Track1-L-NEB_test_0680,2.625
VoiceMOS2023Track1-M-NEB_test_0680,3.82352941176471
VoiceMOS2023Track1-N-NEB_test_0680,2.73333333333333
VoiceMOS2023Track1-O-NEB_test_0680,3.5
VoiceMOS2023Track1-P-NEB_test_0680,4.1875
VoiceMOS2023Track1-Q-NEB_test_0680,3.70588235294118
VoiceMOS2023Track1-R-NEB_test_0680,2.625
VoiceMOS2023Track1-S-NEB_test_0680,4.15789473684211
VoiceMOS2023Track1-T-NEB_test_0680,3.23529411764706
VoiceMOS2023Track1-A-NEB_test_0684,4.5625
VoiceMOS2023Track1-BF-NEB_test_0684,2.2
VoiceMOS2023Track1-BT-NEB_test_0684,2.82352941176471
VoiceMOS2023Track1-C-NEB_test_0684,3
VoiceMOS2023Track1-D-NEB_test_0684,3.125
VoiceMOS2023Track1-E-NEB_test_0684,4
VoiceMOS2023Track1-F-NEB_test_0684,4.625
VoiceMOS2023Track1-G-NEB_test_0684,1.89473684210526
VoiceMOS2023Track1-H-NEB_test_0684,3.41176470588235
VoiceMOS2023Track1-I-NEB_test_0684,4.77777777777778
VoiceMOS2023Track1-J-NEB_test_0684,4.29411764705882
VoiceMOS2023Track1-K-NEB_test_0684,3.8
VoiceMOS2023Track1-L-NEB_test_0684,3.47058823529412
VoiceMOS2023Track1-M-NEB_test_0684,4.52631578947368
VoiceMOS2023Track1-N-NEB_test_0684,3.3125
VoiceMOS2023Track1-O-NEB_test_0684,4.41176470588235
VoiceMOS2023Track1-P-NEB_test_0684,4.64705882352941
VoiceMOS2023Track1-Q-NEB_test_0684,4.1
VoiceMOS2023Track1-R-NEB_test_0684,3.22222222222222
VoiceMOS2023Track1-S-NEB_test_0684,3.72222222222222
VoiceMOS2023Track1-T-NEB_test_0684,4.53333333333333
VoiceMOS2023Track1-A-NEB_test_0745,4.41176470588235
VoiceMOS2023Track1-BF-NEB_test_0745,1.88235294117647
VoiceMOS2023Track1-BT-NEB_test_0745,2.1
VoiceMOS2023Track1-C-NEB_test_0745,3.10526315789474
VoiceMOS2023Track1-D-NEB_test_0745,2.5625
VoiceMOS2023Track1-E-NEB_test_0745,3.88235294117647
VoiceMOS2023Track1-F-NEB_test_0745,4.23529411764706
VoiceMOS2023Track1-G-NEB_test_0745,3.05
VoiceMOS2023Track1-H-NEB_test_0745,3.11111111111111
VoiceMOS2023Track1-I-NEB_test_0745,4.33333333333333
VoiceMOS2023Track1-J-NEB_test_0745,3.93333333333333
VoiceMOS2023Track1-K-NEB_test_0745,3.5625
VoiceMOS2023Track1-L-NEB_test_0745,3.47058823529412
VoiceMOS2023Track1-M-NEB_test_0745,3.13333333333333
VoiceMOS2023Track1-N-NEB_test_0745,3.1875
VoiceMOS2023Track1-O-NEB_test_0745,3.8125
VoiceMOS2023Track1-P-NEB_test_0745,4.23529411764706
VoiceMOS2023Track1-Q-NEB_test_0745,3.9375
VoiceMOS2023Track1-R-NEB_test_0745,2.89473684210526
VoiceMOS2023Track1-S-NEB_test_0745,4.23529411764706
VoiceMOS2023Track1-T-NEB_test_0745,4
VoiceMOS2023Track1-A-NEB_test_0747,4.46666666666667
VoiceMOS2023Track1-BF-NEB_test_0747,2.52941176470588
VoiceMOS2023Track1-BT-NEB_test_0747,1.375
VoiceMOS2023Track1-C-NEB_test_0747,4
VoiceMOS2023Track1-D-NEB_test_0747,3.125
VoiceMOS2023Track1-E-NEB_test_0747,3.6875
VoiceMOS2023Track1-F-NEB_test_0747,3.23529411764706
VoiceMOS2023Track1-G-NEB_test_0747,2.1875
VoiceMOS2023Track1-H-NEB_test_0747,3.36842105263158
VoiceMOS2023Track1-I-NEB_test_0747,4.11764705882353
VoiceMOS2023Track1-J-NEB_test_0747,3.77777777777778
VoiceMOS2023Track1-K-NEB_test_0747,3.35294117647059
VoiceMOS2023Track1-L-NEB_test_0747,3.45
VoiceMOS2023Track1-M-NEB_test_0747,3.17647058823529
VoiceMOS2023Track1-N-NEB_test_0747,2.89473684210526
VoiceMOS2023Track1-O-NEB_test_0747,3.5
VoiceMOS2023Track1-P-NEB_test_0747,4.58823529411765
VoiceMOS2023Track1-Q-NEB_test_0747,3.47058823529412
VoiceMOS2023Track1-R-NEB_test_0747,3.2
VoiceMOS2023Track1-S-NEB_test_0747,3.33333333333333
VoiceMOS2023Track1-T-NEB_test_0747,3.77777777777778
VoiceMOS2023Track1-A-NEB_test_0774,4.35
VoiceMOS2023Track1-BF-NEB_test_0774,1.89473684210526
VoiceMOS2023Track1-BT-NEB_test_0774,2
VoiceMOS2023Track1-C-NEB_test_0774,2.875
VoiceMOS2023Track1-D-NEB_test_0774,3.29411764705882
VoiceMOS2023Track1-E-NEB_test_0774,3.94117647058824
VoiceMOS2023Track1-F-NEB_test_0774,3.9
VoiceMOS2023Track1-G-NEB_test_0774,2.66666666666667
VoiceMOS2023Track1-H-NEB_test_0774,3
VoiceMOS2023Track1-I-NEB_test_0774,4.33333333333333
VoiceMOS2023Track1-J-NEB_test_0774,3.8125
VoiceMOS2023Track1-K-NEB_test_0774,3.05882352941176
VoiceMOS2023Track1-L-NEB_test_0774,2.53333333333333
VoiceMOS2023Track1-M-NEB_test_0774,4.1875
VoiceMOS2023Track1-N-NEB_test_0774,3
VoiceMOS2023Track1-O-NEB_test_0774,4
VoiceMOS2023Track1-P-NEB_test_0774,4.375
VoiceMOS2023Track1-Q-NEB_test_0774,4.36842105263158
VoiceMOS2023Track1-R-NEB_test_0774,2.70588235294118
VoiceMOS2023Track1-S-NEB_test_0774,3.44444444444444
VoiceMOS2023Track1-T-NEB_test_0774,4.05882352941176
VoiceMOS2023Track1-A-NEB_test_0779,4.33333333333333
VoiceMOS2023Track1-BF-NEB_test_0779,1.75
VoiceMOS2023Track1-BT-NEB_test_0779,1.66666666666667
VoiceMOS2023Track1-C-NEB_test_0779,3.70588235294118
VoiceMOS2023Track1-D-NEB_test_0779,3.33333333333333
VoiceMOS2023Track1-E-NEB_test_0779,2.6875
VoiceMOS2023Track1-F-NEB_test_0779,4.0625
VoiceMOS2023Track1-G-NEB_test_0779,1.76470588235294
VoiceMOS2023Track1-H-NEB_test_0779,3.3125
VoiceMOS2023Track1-I-NEB_test_0779,3.94736842105263
VoiceMOS2023Track1-J-NEB_test_0779,3.76470588235294
VoiceMOS2023Track1-K-NEB_test_0779,2.61111111111111
VoiceMOS2023Track1-L-NEB_test_0779,2.17647058823529
VoiceMOS2023Track1-M-NEB_test_0779,3.65
VoiceMOS2023Track1-N-NEB_test_0779,2.70588235294118
VoiceMOS2023Track1-O-NEB_test_0779,4.05263157894737
VoiceMOS2023Track1-P-NEB_test_0779,3.75
VoiceMOS2023Track1-Q-NEB_test_0779,3.41176470588235
VoiceMOS2023Track1-R-NEB_test_0779,2
VoiceMOS2023Track1-S-NEB_test_0779,3.55
VoiceMOS2023Track1-T-NEB_test_0779,2.83333333333333
VoiceMOS2023Track1-A-NEB_test_0805,4.41176470588235
VoiceMOS2023Track1-BF-NEB_test_0805,1
VoiceMOS2023Track1-BT-NEB_test_0805,1.94736842105263
VoiceMOS2023Track1-C-NEB_test_0805,2
VoiceMOS2023Track1-D-NEB_test_0805,2.17647058823529
VoiceMOS2023Track1-E-NEB_test_0805,3.9
VoiceMOS2023Track1-F-NEB_test_0805,4.61111111111111
VoiceMOS2023Track1-G-NEB_test_0805,2.16666666666667
VoiceMOS2023Track1-H-NEB_test_0805,3.4
VoiceMOS2023Track1-I-NEB_test_0805,4.4375
VoiceMOS2023Track1-J-NEB_test_0805,4.05882352941176
VoiceMOS2023Track1-K-NEB_test_0805,2.53333333333333
VoiceMOS2023Track1-L-NEB_test_0805,2.5
VoiceMOS2023Track1-M-NEB_test_0805,4.25
VoiceMOS2023Track1-N-NEB_test_0805,2.17647058823529
VoiceMOS2023Track1-O-NEB_test_0805,4
VoiceMOS2023Track1-P-NEB_test_0805,2.94736842105263
VoiceMOS2023Track1-Q-NEB_test_0805,4
VoiceMOS2023Track1-R-NEB_test_0805,2.88888888888889
VoiceMOS2023Track1-S-NEB_test_0805,3.47058823529412
VoiceMOS2023Track1-T-NEB_test_0805,2.5
VoiceMOS2023Track1-A-NEB_test_0814,4.77777777777778
VoiceMOS2023Track1-BF-NEB_test_0814,1.86666666666667
VoiceMOS2023Track1-BT-NEB_test_0814,1.94444444444444
VoiceMOS2023Track1-C-NEB_test_0814,1.9375
VoiceMOS2023Track1-D-NEB_test_0814,3.35294117647059
VoiceMOS2023Track1-E-NEB_test_0814,2.73333333333333
VoiceMOS2023Track1-F-NEB_test_0814,4.6875
VoiceMOS2023Track1-G-NEB_test_0814,3
VoiceMOS2023Track1-H-NEB_test_0814,3.17647058823529
VoiceMOS2023Track1-I-NEB_test_0814,4.1875
VoiceMOS2023Track1-J-NEB_test_0814,3.15789473684211
VoiceMOS2023Track1-K-NEB_test_0814,3.70588235294118
VoiceMOS2023Track1-L-NEB_test_0814,4.16666666666667
VoiceMOS2023Track1-M-NEB_test_0814,3.82352941176471
VoiceMOS2023Track1-N-NEB_test_0814,2.65
VoiceMOS2023Track1-O-NEB_test_0814,4.23529411764706
VoiceMOS2023Track1-P-NEB_test_0814,3.94736842105263
VoiceMOS2023Track1-Q-NEB_test_0814,3.9375
VoiceMOS2023Track1-R-NEB_test_0814,2.47058823529412
VoiceMOS2023Track1-S-NEB_test_0814,3.41176470588235
VoiceMOS2023Track1-T-NEB_test_0814,2.8
VoiceMOS2023Track1-A-NEB_test_0881,4.52631578947368
VoiceMOS2023Track1-BF-NEB_test_0881,1.58823529411765
VoiceMOS2023Track1-BT-NEB_test_0881,1.5
VoiceMOS2023Track1-C-NEB_test_0881,3.05882352941176
VoiceMOS2023Track1-D-NEB_test_0881,3.05
VoiceMOS2023Track1-E-NEB_test_0881,3.16666666666667
VoiceMOS2023Track1-F-NEB_test_0881,4.16666666666667
VoiceMOS2023Track1-G-NEB_test_0881,2.53333333333333
VoiceMOS2023Track1-H-NEB_test_0881,3.125
VoiceMOS2023Track1-I-NEB_test_0881,4.41176470588235
VoiceMOS2023Track1-J-NEB_test_0881,3.26666666666667
VoiceMOS2023Track1-K-NEB_test_0881,3.25
VoiceMOS2023Track1-L-NEB_test_0881,2.875
VoiceMOS2023Track1-M-NEB_test_0881,3.76470588235294
VoiceMOS2023Track1-N-NEB_test_0881,2.75
VoiceMOS2023Track1-O-NEB_test_0881,3.89473684210526
VoiceMOS2023Track1-P-NEB_test_0881,3.70588235294118
VoiceMOS2023Track1-Q-NEB_test_0881,3.72222222222222
VoiceMOS2023Track1-R-NEB_test_0881,2.47058823529412
VoiceMOS2023Track1-S-NEB_test_0881,3.9
VoiceMOS2023Track1-T-NEB_test_0881,3.58823529411765
VoiceMOS2023Track1-A-NEB_test_0923,4.6
VoiceMOS2023Track1-BF-NEB_test_0923,2.05555555555556
VoiceMOS2023Track1-BT-NEB_test_0923,1.44444444444444
VoiceMOS2023Track1-C-NEB_test_0923,3.8
VoiceMOS2023Track1-D-NEB_test_0923,3.4375
VoiceMOS2023Track1-E-NEB_test_0923,4.17647058823529
VoiceMOS2023Track1-F-NEB_test_0923,4.2
VoiceMOS2023Track1-G-NEB_test_0923,3
VoiceMOS2023Track1-H-NEB_test_0923,4.4375
VoiceMOS2023Track1-I-NEB_test_0923,4.41176470588235
VoiceMOS2023Track1-J-NEB_test_0923,3.9375
VoiceMOS2023Track1-K-NEB_test_0923,2.89473684210526
VoiceMOS2023Track1-L-NEB_test_0923,4
VoiceMOS2023Track1-M-NEB_test_0923,3.77777777777778
VoiceMOS2023Track1-N-NEB_test_0923,2.94117647058824
VoiceMOS2023Track1-O-NEB_test_0923,4.55
VoiceMOS2023Track1-P-NEB_test_0923,3.94117647058824
VoiceMOS2023Track1-Q-NEB_test_0923,4
VoiceMOS2023Track1-R-NEB_test_0923,3.125
VoiceMOS2023Track1-S-NEB_test_0923,2.70588235294118
VoiceMOS2023Track1-T-NEB_test_0923,4.17647058823529
VoiceMOS2023Track1-A-NEB_test_0947,4.5625
VoiceMOS2023Track1-BF-NEB_test_0947,2.64705882352941
VoiceMOS2023Track1-BT-NEB_test_0947,1.47058823529412
VoiceMOS2023Track1-C-NEB_test_0947,3.8
VoiceMOS2023Track1-D-NEB_test_0947,3.44444444444444
VoiceMOS2023Track1-E-NEB_test_0947,3.38888888888889
VoiceMOS2023Track1-F-NEB_test_0947,4.6
VoiceMOS2023Track1-G-NEB_test_0947,3.5
VoiceMOS2023Track1-H-NEB_test_0947,3.58823529411765
VoiceMOS2023Track1-I-NEB_test_0947,4.4
VoiceMOS2023Track1-J-NEB_test_0947,3.5
VoiceMOS2023Track1-K-NEB_test_0947,3
VoiceMOS2023Track1-L-NEB_test_0947,2.05882352941176
VoiceMOS2023Track1-M-NEB_test_0947,4
VoiceMOS2023Track1-N-NEB_test_0947,1.84210526315789
VoiceMOS2023Track1-O-NEB_test_0947,4.23529411764706
VoiceMOS2023Track1-P-NEB_test_0947,3.88888888888889
VoiceMOS2023Track1-Q-NEB_test_0947,3.94117647058824
VoiceMOS2023Track1-R-NEB_test_0947,3.15
VoiceMOS2023Track1-S-NEB_test_0947,3.94117647058824
VoiceMOS2023Track1-T-NEB_test_0947,3.15789473684211
VoiceMOS2023Track1-A-NEB_test_0951,4.35294117647059
VoiceMOS2023Track1-BF-NEB_test_0951,2.83333333333333
VoiceMOS2023Track1-BT-NEB_test_0951,1.55
VoiceMOS2023Track1-C-NEB_test_0951,3.88888888888889
VoiceMOS2023Track1-D-NEB_test_0951,3.66666666666667
VoiceMOS2023Track1-E-NEB_test_0951,3.8125
VoiceMOS2023Track1-F-NEB_test_0951,4.17647058823529
VoiceMOS2023Track1-G-NEB_test_0951,3.4
VoiceMOS2023Track1-H-NEB_test_0951,4.0625
VoiceMOS2023Track1-I-NEB_test_0951,4.0625
VoiceMOS2023Track1-J-NEB_test_0951,3.17647058823529
VoiceMOS2023Track1-K-NEB_test_0951,3.0625
VoiceMOS2023Track1-L-NEB_test_0951,3.47368421052632
VoiceMOS2023Track1-M-NEB_test_0951,4.23529411764706
VoiceMOS2023Track1-N-NEB_test_0951,2.83333333333333
VoiceMOS2023Track1-O-NEB_test_0951,4.35294117647059
VoiceMOS2023Track1-P-NEB_test_0951,4.25
VoiceMOS2023Track1-Q-NEB_test_0951,4.29411764705882
VoiceMOS2023Track1-R-NEB_test_0951,2.36842105263158
VoiceMOS2023Track1-S-NEB_test_0951,2.6875
VoiceMOS2023Track1-T-NEB_test_0951,4.05882352941176
VoiceMOS2023Track1-A-NEB_test_0976,4.47058823529412
VoiceMOS2023Track1-BF-NEB_test_0976,2.1
VoiceMOS2023Track1-BT-NEB_test_0976,2
VoiceMOS2023Track1-C-NEB_test_0976,2.66666666666667
VoiceMOS2023Track1-D-NEB_test_0976,2.83333333333333
VoiceMOS2023Track1-E-NEB_test_0976,3.66666666666667
VoiceMOS2023Track1-F-NEB_test_0976,4.75
VoiceMOS2023Track1-G-NEB_test_0976,3.82352941176471
VoiceMOS2023Track1-H-NEB_test_0976,3.8
VoiceMOS2023Track1-I-NEB_test_0976,4.5
VoiceMOS2023Track1-J-NEB_test_0976,4.25
VoiceMOS2023Track1-K-NEB_test_0976,3.41176470588235
VoiceMOS2023Track1-L-NEB_test_0976,3.25
VoiceMOS2023Track1-M-NEB_test_0976,3.52631578947368
VoiceMOS2023Track1-N-NEB_test_0976,2.05882352941176
VoiceMOS2023Track1-O-NEB_test_0976,4.27777777777778
VoiceMOS2023Track1-P-NEB_test_0976,4
VoiceMOS2023Track1-Q-NEB_test_0976,4.25
VoiceMOS2023Track1-R-NEB_test_0976,3.29411764705882
VoiceMOS2023Track1-S-NEB_test_0976,3.89473684210526
VoiceMOS2023Track1-T-NEB_test_0976,4.0625
